ticker,status,update_date
1301.T,MAINTAINED,2025-12-07
1305.T,MAINTAINED,2025-12-07
1306.T,MAINTAINED,2025-12-07
1308.T,MAINTAINED,2025-12-07
1309.T,MAINTAINED,2025-12-07
1311.T,MAINTAINED,2025-12-07
1319.T,MAINTAINED,2025-12-07
1320.T,MAINTAINED,2025-12-07
1321.T,MAINTAINED,2025-12-07
1322.T,MAINTAINED,2025-12-07
1325.T,MAINTAINED,2025-12-07
1326.T,MAINTAINED,2025-12-07
1328.T,MAINTAINED,2025-12-07
1329.T,MAINTAINED,2025-12-07
1330.T,MAINTAINED,2025-12-07
1332.T,MAINTAINED,2025-12-07
1333.T,MAINTAINED,2025-12-07
1343.T,MAINTAINED,2025-12-07
1345.T,MAINTAINED,2025-12-07
1346.T,MAINTAINED,2025-12-07
1348.T,MAINTAINED,2025-12-07
1349.T,MAINTAINED,2025-12-07
1358.T,MAINTAINED,2025-12-07
1365.T,MAINTAINED,2025-12-07
1367.T,MAINTAINED,2025-12-07
1369.T,MAINTAINED,2025-12-07
1376.T,MAINTAINED,2025-12-07
1377.T,MAINTAINED,2025-12-07
1379.T,MAINTAINED,2025-12-07
1381.T,MAINTAINED,2025-12-07
1384.T,MAINTAINED,2025-12-07
1397.T,MAINTAINED,2025-12-07
1398.T,MAINTAINED,2025-12-07
1399.T,MAINTAINED,2025-12-07
1401.T,MAINTAINED,2025-12-07
1414.T,MAINTAINED,2025-12-07
1417.T,MAINTAINED,2025-12-07
1418.T,MAINTAINED,2025-12-07
1419.T,MAINTAINED,2025-12-07
1429.T,MAINTAINED,2025-12-07
1430.T,MAINTAINED,2025-12-07
1431.T,MAINTAINED,2025-12-07
1432.T,MAINTAINED,2025-12-07
1433.T,MAINTAINED,2025-12-07
1434.T,MAINTAINED,2025-12-07
1435.T,MAINTAINED,2025-12-07
1443.T,MAINTAINED,2025-12-07
1444.T,MAINTAINED,2025-12-07
1445.T,MAINTAINED,2025-12-07
1446.T,MAINTAINED,2025-12-07
1450.T,MAINTAINED,2025-12-07
1452.T,MAINTAINED,2025-12-07
1458.T,MAINTAINED,2025-12-07
1473.T,MAINTAINED,2025-12-07
1474.T,MAINTAINED,2025-12-07
1475.T,MAINTAINED,2025-12-07
1476.T,MAINTAINED,2025-12-07
1477.T,MAINTAINED,2025-12-07
1478.T,MAINTAINED,2025-12-07
1479.T,MAINTAINED,2025-12-07
1480.T,MAINTAINED,2025-12-07
1481.T,MAINTAINED,2025-12-07
1482.T,MAINTAINED,2025-12-07
1483.T,MAINTAINED,2025-12-07
1484.T,MAINTAINED,2025-12-07
1485.T,MAINTAINED,2025-12-07
1486.T,MAINTAINED,2025-12-07
1487.T,MAINTAINED,2025-12-07
1488.T,MAINTAINED,2025-12-07
1489.T,MAINTAINED,2025-12-07
1490.T,MAINTAINED,2025-12-07
1493.T,MAINTAINED,2025-12-07
1494.T,MAINTAINED,2025-12-07
1495.T,MAINTAINED,2025-12-07
1496.T,MAINTAINED,2025-12-07
1498.T,MAINTAINED,2025-12-07
1499.T,MAINTAINED,2025-12-07
1515.T,MAINTAINED,2025-12-07
1518.T,MAINTAINED,2025-12-07
1540.T,MAINTAINED,2025-12-07
1541.T,MAINTAINED,2025-12-07
1542.T,MAINTAINED,2025-12-07
1543.T,MAINTAINED,2025-12-07
1545.T,MAINTAINED,2025-12-07
1546.T,MAINTAINED,2025-12-07
1547.T,MAINTAINED,2025-12-07
1550.T,MAINTAINED,2025-12-07
1551.T,MAINTAINED,2025-12-07
1554.T,MAINTAINED,2025-12-07
1555.T,MAINTAINED,2025-12-07
1557.T,MAINTAINED,2025-12-07
1559.T,MAINTAINED,2025-12-07
1560.T,MAINTAINED,2025-12-07
1566.T,MAINTAINED,2025-12-07
1568.T,MAINTAINED,2025-12-07
1570.T,MAINTAINED,2025-12-07
1572.T,MAINTAINED,2025-12-07
1577.T,MAINTAINED,2025-12-07
1578.T,MAINTAINED,2025-12-07
1579.T,MAINTAINED,2025-12-07
1585.T,MAINTAINED,2025-12-07
1586.T,MAINTAINED,2025-12-07
1591.T,MAINTAINED,2025-12-07
1592.T,MAINTAINED,2025-12-07
1593.T,MAINTAINED,2025-12-07
1595.T,MAINTAINED,2025-12-07
1596.T,MAINTAINED,2025-12-07
1597.T,MAINTAINED,2025-12-07
1599.T,MAINTAINED,2025-12-07
1605.T,MAINTAINED,2025-12-07
1615.T,MAINTAINED,2025-12-07
1617.T,MAINTAINED,2025-12-07
1618.T,MAINTAINED,2025-12-07
1619.T,MAINTAINED,2025-12-07
1620.T,MAINTAINED,2025-12-07
1621.T,MAINTAINED,2025-12-07
1622.T,MAINTAINED,2025-12-07
1623.T,MAINTAINED,2025-12-07
1624.T,MAINTAINED,2025-12-07
1625.T,MAINTAINED,2025-12-07
1626.T,MAINTAINED,2025-12-07
1627.T,MAINTAINED,2025-12-07
1628.T,MAINTAINED,2025-12-07
1629.T,MAINTAINED,2025-12-07
1630.T,MAINTAINED,2025-12-07
1631.T,MAINTAINED,2025-12-07
1632.T,MAINTAINED,2025-12-07
1633.T,MAINTAINED,2025-12-07
1651.T,MAINTAINED,2025-12-07
1652.T,MAINTAINED,2025-12-07
1653.T,MAINTAINED,2025-12-07
1654.T,MAINTAINED,2025-12-07
1655.T,MAINTAINED,2025-12-07
1656.T,MAINTAINED,2025-12-07
1657.T,MAINTAINED,2025-12-07
1658.T,MAINTAINED,2025-12-07
1659.T,MAINTAINED,2025-12-07
1660.T,MAINTAINED,2025-12-07
1662.T,MAINTAINED,2025-12-07
1663.T,MAINTAINED,2025-12-07
1671.T,MAINTAINED,2025-12-07
1672.T,MAINTAINED,2025-12-07
1673.T,MAINTAINED,2025-12-07
1674.T,MAINTAINED,2025-12-07
1675.T,MAINTAINED,2025-12-07
1676.T,MAINTAINED,2025-12-07
1677.T,MAINTAINED,2025-12-07
1678.T,MAINTAINED,2025-12-07
1679.T,MAINTAINED,2025-12-07
1680.T,MAINTAINED,2025-12-07
1681.T,MAINTAINED,2025-12-07
1684.T,MAINTAINED,2025-12-07
1685.T,MAINTAINED,2025-12-07
1686.T,MAINTAINED,2025-12-07
1687.T,MAINTAINED,2025-12-07
1688.T,MAINTAINED,2025-12-07
1689.T,MAINTAINED,2025-12-07
1691.T,MAINTAINED,2025-12-07
1692.T,MAINTAINED,2025-12-07
1693.T,MAINTAINED,2025-12-07
1694.T,MAINTAINED,2025-12-07
1696.T,MAINTAINED,2025-12-07
1697.T,MAINTAINED,2025-12-07
1698.T,MAINTAINED,2025-12-07
1712.T,MAINTAINED,2025-12-07
1716.T,MAINTAINED,2025-12-07
1717.T,MAINTAINED,2025-12-07
1718.T,MAINTAINED,2025-12-07
1719.T,MAINTAINED,2025-12-07
1720.T,MAINTAINED,2025-12-07
1721.T,MAINTAINED,2025-12-07
1723.T,MAINTAINED,2025-12-07
1724.T,MAINTAINED,2025-12-07
1736.T,MAINTAINED,2025-12-07
1743.T,MAINTAINED,2025-12-07
1758.T,MAINTAINED,2025-12-07
1762.T,MAINTAINED,2025-12-07
1764.T,MAINTAINED,2025-12-07
1766.T,MAINTAINED,2025-12-07
1768.T,MAINTAINED,2025-12-07
1770.T,MAINTAINED,2025-12-07
1773.T,MAINTAINED,2025-12-07
1776.T,MAINTAINED,2025-12-07
1780.T,MAINTAINED,2025-12-07
1783.T,MAINTAINED,2025-12-07
1786.T,MAINTAINED,2025-12-07
1787.T,MAINTAINED,2025-12-07
1788.T,MAINTAINED,2025-12-07
1793.T,MAINTAINED,2025-12-07
1795.T,MAINTAINED,2025-12-07
1798.T,MAINTAINED,2025-12-07
1799.T,MAINTAINED,2025-12-07
1801.T,MAINTAINED,2025-12-07
1802.T,MAINTAINED,2025-12-07
1803.T,MAINTAINED,2025-12-07
1807.T,MAINTAINED,2025-12-07
1808.T,MAINTAINED,2025-12-07
1810.T,MAINTAINED,2025-12-07
1811.T,MAINTAINED,2025-12-07
1812.T,MAINTAINED,2025-12-07
1813.T,MAINTAINED,2025-12-07
1814.T,MAINTAINED,2025-12-07
1815.T,MAINTAINED,2025-12-07
1820.T,MAINTAINED,2025-12-07
1821.T,MAINTAINED,2025-12-07
1826.T,MAINTAINED,2025-12-07
1827.T,MAINTAINED,2025-12-07
1828.T,MAINTAINED,2025-12-07
1833.T,MAINTAINED,2025-12-07
1835.T,MAINTAINED,2025-12-07
1841.T,MAINTAINED,2025-12-07
1844.T,MAINTAINED,2025-12-07
1847.T,MAINTAINED,2025-12-07
1848.T,MAINTAINED,2025-12-07
1850.T,MAINTAINED,2025-12-07
1852.T,MAINTAINED,2025-12-07
1853.T,MAINTAINED,2025-12-07
1860.T,MAINTAINED,2025-12-07
1861.T,MAINTAINED,2025-12-07
1866.T,MAINTAINED,2025-12-07
1867.T,MAINTAINED,2025-12-07
1870.T,MAINTAINED,2025-12-07
1871.T,MAINTAINED,2025-12-07
1873.T,MAINTAINED,2025-12-07
1879.T,MAINTAINED,2025-12-07
1882.T,MAINTAINED,2025-12-07
1884.T,MAINTAINED,2025-12-07
1885.T,MAINTAINED,2025-12-07
1887.T,MAINTAINED,2025-12-07
1888.T,MAINTAINED,2025-12-07
1890.T,MAINTAINED,2025-12-07
1893.T,MAINTAINED,2025-12-07
1897.T,MAINTAINED,2025-12-07
1898.T,MAINTAINED,2025-12-07
1899.T,MAINTAINED,2025-12-07
1904.T,MAINTAINED,2025-12-07
1905.T,MAINTAINED,2025-12-07
1909.T,MAINTAINED,2025-12-07
1911.T,MAINTAINED,2025-12-07
1914.T,MAINTAINED,2025-12-07
1921.T,MAINTAINED,2025-12-07
1925.T,MAINTAINED,2025-12-07
1926.T,MAINTAINED,2025-12-07
1928.T,MAINTAINED,2025-12-07
1929.T,MAINTAINED,2025-12-07
1930.T,MAINTAINED,2025-12-07
1934.T,MAINTAINED,2025-12-07
1938.T,MAINTAINED,2025-12-07
1939.T,MAINTAINED,2025-12-07
1941.T,MAINTAINED,2025-12-07
1942.T,MAINTAINED,2025-12-07
1944.T,MAINTAINED,2025-12-07
1945.T,MAINTAINED,2025-12-07
1946.T,MAINTAINED,2025-12-07
1948.T,MAINTAINED,2025-12-07
1949.T,MAINTAINED,2025-12-07
1950.T,MAINTAINED,2025-12-07
1951.T,MAINTAINED,2025-12-07
1952.T,MAINTAINED,2025-12-07
1959.T,MAINTAINED,2025-12-07
1960.T,MAINTAINED,2025-12-07
1961.T,MAINTAINED,2025-12-07
1963.T,MAINTAINED,2025-12-07
1964.T,MAINTAINED,2025-12-07
1965.T,MAINTAINED,2025-12-07
1966.T,MAINTAINED,2025-12-07
1967.T,MAINTAINED,2025-12-07
1968.T,MAINTAINED,2025-12-07
1969.T,MAINTAINED,2025-12-07
1972.T,MAINTAINED,2025-12-07
1975.T,MAINTAINED,2025-12-07
1976.T,MAINTAINED,2025-12-07
1979.T,MAINTAINED,2025-12-07
1980.T,MAINTAINED,2025-12-07
1981.T,MAINTAINED,2025-12-07
1982.T,MAINTAINED,2025-12-07
1994.T,MAINTAINED,2025-12-07
1997.T,MAINTAINED,2025-12-07
2001.T,MAINTAINED,2025-12-07
2002.T,MAINTAINED,2025-12-07
2009.T,MAINTAINED,2025-12-07
2011.T,MAINTAINED,2025-12-07
2012.T,MAINTAINED,2025-12-07
2013.T,MAINTAINED,2025-12-07
2014.T,MAINTAINED,2025-12-07
2015.T,MAINTAINED,2025-12-07
2017.T,MAINTAINED,2025-12-07
2018.T,MAINTAINED,2025-12-07
2019.T,MAINTAINED,2025-12-07
2050.T,MAINTAINED,2025-12-07
2053.T,MAINTAINED,2025-12-07
2055.T,MAINTAINED,2025-12-07
2060.T,MAINTAINED,2025-12-07
2070.T,MAINTAINED,2025-12-07
2071.T,MAINTAINED,2025-12-07
2072.T,MAINTAINED,2025-12-07
2073.T,MAINTAINED,2025-12-07
2080.T,MAINTAINED,2025-12-07
2081.T,MAINTAINED,2025-12-07
2082.T,MAINTAINED,2025-12-07
2083.T,MAINTAINED,2025-12-07
2084.T,MAINTAINED,2025-12-07
2085.T,MAINTAINED,2025-12-07
2086.T,MAINTAINED,2025-12-07
2087.T,MAINTAINED,2025-12-07
2088.T,MAINTAINED,2025-12-07
2089.T,MAINTAINED,2025-12-07
2093.T,MAINTAINED,2025-12-07
2095.T,MAINTAINED,2025-12-07
2096.T,MAINTAINED,2025-12-07
2097.T,MAINTAINED,2025-12-07
2098.T,MAINTAINED,2025-12-07
2108.T,MAINTAINED,2025-12-07
2109.T,MAINTAINED,2025-12-07
2112.T,MAINTAINED,2025-12-07
2114.T,MAINTAINED,2025-12-07
2117.T,MAINTAINED,2025-12-07
2122.T,MAINTAINED,2025-12-07
2124.T,MAINTAINED,2025-12-07
2127.T,MAINTAINED,2025-12-07
2136.T,MAINTAINED,2025-12-07
2146.T,MAINTAINED,2025-12-07
2150.T,MAINTAINED,2025-12-07
2152.T,MAINTAINED,2025-12-07
2153.T,MAINTAINED,2025-12-07
2157.T,MAINTAINED,2025-12-07
2158.T,MAINTAINED,2025-12-07
2162.T,MAINTAINED,2025-12-07
2163.T,MAINTAINED,2025-12-07
2164.T,MAINTAINED,2025-12-07
2169.T,MAINTAINED,2025-12-07
2173.T,MAINTAINED,2025-12-07
2179.T,MAINTAINED,2025-12-07
2180.T,MAINTAINED,2025-12-07
2181.T,MAINTAINED,2025-12-07
2185.T,MAINTAINED,2025-12-07
2201.T,MAINTAINED,2025-12-07
2206.T,MAINTAINED,2025-12-07
2207.T,MAINTAINED,2025-12-07
2209.T,MAINTAINED,2025-12-07
2211.T,MAINTAINED,2025-12-07
2212.T,MAINTAINED,2025-12-07
2215.T,MAINTAINED,2025-12-07
2221.T,MAINTAINED,2025-12-07
2224.T,MAINTAINED,2025-12-07
2229.T,MAINTAINED,2025-12-07
2235.T,MAINTAINED,2025-12-07
2236.T,MAINTAINED,2025-12-07
2237.T,MAINTAINED,2025-12-07
2239.T,MAINTAINED,2025-12-07
2241.T,MAINTAINED,2025-12-07
2242.T,MAINTAINED,2025-12-07
2243.T,MAINTAINED,2025-12-07
2244.T,MAINTAINED,2025-12-07
2247.T,MAINTAINED,2025-12-07
2248.T,MAINTAINED,2025-12-07
2250.T,MAINTAINED,2025-12-07
2251.T,MAINTAINED,2025-12-07
2252.T,MAINTAINED,2025-12-07
2253.T,MAINTAINED,2025-12-07
2254.T,MAINTAINED,2025-12-07
2255.T,MAINTAINED,2025-12-07
2256.T,MAINTAINED,2025-12-07
2257.T,MAINTAINED,2025-12-07
2258.T,MAINTAINED,2025-12-07
2264.T,MAINTAINED,2025-12-07
2269.T,MAINTAINED,2025-12-07
2270.T,MAINTAINED,2025-12-07
2281.T,MAINTAINED,2025-12-07
2282.T,MAINTAINED,2025-12-07
2286.T,MAINTAINED,2025-12-07
2288.T,MAINTAINED,2025-12-07
2296.T,MAINTAINED,2025-12-07
2300.T,MAINTAINED,2025-12-07
2303.T,MAINTAINED,2025-12-07
2304.T,MAINTAINED,2025-12-07
2311.T,MAINTAINED,2025-12-07
2315.T,MAINTAINED,2025-12-07
2317.T,MAINTAINED,2025-12-07
2321.T,MAINTAINED,2025-12-07
2323.T,MAINTAINED,2025-12-07
2325.T,MAINTAINED,2025-12-07
2327.T,MAINTAINED,2025-12-07
2329.T,MAINTAINED,2025-12-07
2331.T,MAINTAINED,2025-12-07
2332.T,MAINTAINED,2025-12-07
2334.T,MAINTAINED,2025-12-07
2337.T,MAINTAINED,2025-12-07
2341.T,MAINTAINED,2025-12-07
2342.T,MAINTAINED,2025-12-07
2344.T,MAINTAINED,2025-12-07
2353.T,MAINTAINED,2025-12-07
2359.T,MAINTAINED,2025-12-07
2373.T,MAINTAINED,2025-12-07
2374.T,MAINTAINED,2025-12-07
2384.T,MAINTAINED,2025-12-07
2385.T,MAINTAINED,2025-12-07
2389.T,MAINTAINED,2025-12-07
2391.T,MAINTAINED,2025-12-07
2393.T,MAINTAINED,2025-12-07
2395.T,MAINTAINED,2025-12-07
2408.T,MAINTAINED,2025-12-07
2410.T,MAINTAINED,2025-12-07
2411.T,MAINTAINED,2025-12-07
2413.T,MAINTAINED,2025-12-07
2415.T,MAINTAINED,2025-12-07
2424.T,MAINTAINED,2025-12-07
2429.T,MAINTAINED,2025-12-07
2433.T,MAINTAINED,2025-12-07
2436.T,MAINTAINED,2025-12-07
2445.T,MAINTAINED,2025-12-07
2449.T,MAINTAINED,2025-12-07
2452.T,MAINTAINED,2025-12-07
2454.T,MAINTAINED,2025-12-07
2459.T,MAINTAINED,2025-12-07
2461.T,MAINTAINED,2025-12-07
2462.T,MAINTAINED,2025-12-07
2464.T,MAINTAINED,2025-12-07
2469.T,MAINTAINED,2025-12-07
2480.T,MAINTAINED,2025-12-07
2483.T,MAINTAINED,2025-12-07
2488.T,MAINTAINED,2025-12-07
2492.T,MAINTAINED,2025-12-07
2493.T,MAINTAINED,2025-12-07
2498.T,MAINTAINED,2025-12-07
2499.T,MAINTAINED,2025-12-07
2501.T,MAINTAINED,2025-12-07
2503.T,MAINTAINED,2025-12-07
2511.T,MAINTAINED,2025-12-07
2512.T,MAINTAINED,2025-12-07
2513.T,MAINTAINED,2025-12-07
2514.T,MAINTAINED,2025-12-07
2515.T,MAINTAINED,2025-12-07
2517.T,MAINTAINED,2025-12-07
2518.T,MAINTAINED,2025-12-07
2519.T,MAINTAINED,2025-12-07
2520.T,MAINTAINED,2025-12-07
2521.T,MAINTAINED,2025-12-07
2522.T,MAINTAINED,2025-12-07
2523.T,MAINTAINED,2025-12-07
2524.T,MAINTAINED,2025-12-07
2525.T,MAINTAINED,2025-12-07
2526.T,MAINTAINED,2025-12-07
2527.T,MAINTAINED,2025-12-07
2528.T,MAINTAINED,2025-12-07
2529.T,MAINTAINED,2025-12-07
2530.T,MAINTAINED,2025-12-07
2531.T,MAINTAINED,2025-12-07
2533.T,MAINTAINED,2025-12-07
2540.T,MAINTAINED,2025-12-07
2552.T,MAINTAINED,2025-12-07
2553.T,MAINTAINED,2025-12-07
2554.T,MAINTAINED,2025-12-07
2555.T,MAINTAINED,2025-12-07
2556.T,MAINTAINED,2025-12-07
2557.T,MAINTAINED,2025-12-07
2558.T,MAINTAINED,2025-12-07
2559.T,MAINTAINED,2025-12-07
2560.T,MAINTAINED,2025-12-07
2562.T,MAINTAINED,2025-12-07
2563.T,MAINTAINED,2025-12-07
2564.T,MAINTAINED,2025-12-07
2565.T,MAINTAINED,2025-12-07
2566.T,MAINTAINED,2025-12-07
2567.T,MAINTAINED,2025-12-07
2568.T,MAINTAINED,2025-12-07
2569.T,MAINTAINED,2025-12-07
2573.T,MAINTAINED,2025-12-07
2579.T,MAINTAINED,2025-12-07
2587.T,MAINTAINED,2025-12-07
2588.T,MAINTAINED,2025-12-07
2597.T,MAINTAINED,2025-12-07
2602.T,MAINTAINED,2025-12-07
2607.T,MAINTAINED,2025-12-07
2612.T,MAINTAINED,2025-12-07
2620.T,MAINTAINED,2025-12-07
2622.T,MAINTAINED,2025-12-07
2624.T,MAINTAINED,2025-12-07
2625.T,MAINTAINED,2025-12-07
2626.T,MAINTAINED,2025-12-07
2627.T,MAINTAINED,2025-12-07
2628.T,MAINTAINED,2025-12-07
2629.T,MAINTAINED,2025-12-07
2630.T,MAINTAINED,2025-12-07
2631.T,MAINTAINED,2025-12-07
2632.T,MAINTAINED,2025-12-07
2633.T,MAINTAINED,2025-12-07
2634.T,MAINTAINED,2025-12-07
2635.T,MAINTAINED,2025-12-07
2636.T,MAINTAINED,2025-12-07
2637.T,MAINTAINED,2025-12-07
2638.T,MAINTAINED,2025-12-07
2639.T,MAINTAINED,2025-12-07
2640.T,MAINTAINED,2025-12-07
2641.T,MAINTAINED,2025-12-07
2642.T,MAINTAINED,2025-12-07
2643.T,MAINTAINED,2025-12-07
2644.T,MAINTAINED,2025-12-07
2645.T,MAINTAINED,2025-12-07
2646.T,MAINTAINED,2025-12-07
2647.T,MAINTAINED,2025-12-07
2648.T,MAINTAINED,2025-12-07
2649.T,MAINTAINED,2025-12-07
2653.T,MAINTAINED,2025-12-07
2654.T,MAINTAINED,2025-12-07
2656.T,MAINTAINED,2025-12-07
2664.T,MAINTAINED,2025-12-07
2666.T,MAINTAINED,2025-12-07
2668.T,MAINTAINED,2025-12-07
2669.T,MAINTAINED,2025-12-07
2673.T,MAINTAINED,2025-12-07
2674.T,MAINTAINED,2025-12-07
2676.T,MAINTAINED,2025-12-07
2686.T,MAINTAINED,2025-12-07
2692.T,MAINTAINED,2025-12-07
2693.T,MAINTAINED,2025-12-07
2695.T,MAINTAINED,2025-12-07
2700.T,MAINTAINED,2025-12-07
2702.T,MAINTAINED,2025-12-07
2705.T,MAINTAINED,2025-12-07
2708.T,MAINTAINED,2025-12-07
2721.T,MAINTAINED,2025-12-07
2726.T,MAINTAINED,2025-12-07
2730.T,MAINTAINED,2025-12-07
2734.T,MAINTAINED,2025-12-07
2736.T,MAINTAINED,2025-12-07
2737.T,MAINTAINED,2025-12-07
2747.T,MAINTAINED,2025-12-07
2749.T,MAINTAINED,2025-12-07
2750.T,MAINTAINED,2025-12-07
2752.T,MAINTAINED,2025-12-07
2760.T,MAINTAINED,2025-12-07
2762.T,MAINTAINED,2025-12-07
2763.T,MAINTAINED,2025-12-07
2768.T,MAINTAINED,2025-12-07
2782.T,MAINTAINED,2025-12-07
2784.T,MAINTAINED,2025-12-07
2789.T,MAINTAINED,2025-12-07
2790.T,MAINTAINED,2025-12-07
2795.T,MAINTAINED,2025-12-07
2796.T,MAINTAINED,2025-12-07
2804.T,MAINTAINED,2025-12-07
2805.T,MAINTAINED,2025-12-07
2809.T,MAINTAINED,2025-12-07
2810.T,MAINTAINED,2025-12-07
2814.T,MAINTAINED,2025-12-07
2830.T,MAINTAINED,2025-12-07
2836.T,MAINTAINED,2025-12-07
2837.T,MAINTAINED,2025-12-07
2838.T,MAINTAINED,2025-12-07
2844.T,MAINTAINED,2025-12-07
2845.T,MAINTAINED,2025-12-07
2846.T,MAINTAINED,2025-12-07
2847.T,MAINTAINED,2025-12-07
2848.T,MAINTAINED,2025-12-07
2849.T,MAINTAINED,2025-12-07
2850.T,MAINTAINED,2025-12-07
2851.T,MAINTAINED,2025-12-07
2852.T,MAINTAINED,2025-12-07
2854.T,MAINTAINED,2025-12-07
2855.T,MAINTAINED,2025-12-07
2858.T,MAINTAINED,2025-12-07
2859.T,MAINTAINED,2025-12-07
2860.T,MAINTAINED,2025-12-07
2861.T,MAINTAINED,2025-12-07
2863.T,MAINTAINED,2025-12-07
2864.T,MAINTAINED,2025-12-07
2865.T,MAINTAINED,2025-12-07
2866.T,MAINTAINED,2025-12-07
2867.T,MAINTAINED,2025-12-07
2868.T,MAINTAINED,2025-12-07
2869.T,MAINTAINED,2025-12-07
2871.T,MAINTAINED,2025-12-07
2874.T,MAINTAINED,2025-12-07
2875.T,MAINTAINED,2025-12-07
2876.T,MAINTAINED,2025-12-07
2883.T,MAINTAINED,2025-12-07
2892.T,MAINTAINED,2025-12-07
2894.T,MAINTAINED,2025-12-07
2903.T,MAINTAINED,2025-12-07
2904.T,MAINTAINED,2025-12-07
2907.T,MAINTAINED,2025-12-07
2914.T,MAINTAINED,2025-12-07
2915.T,MAINTAINED,2025-12-07
2918.T,MAINTAINED,2025-12-07
2923.T,MAINTAINED,2025-12-07
2924.T,MAINTAINED,2025-12-07
2926.T,MAINTAINED,2025-12-07
2927.T,MAINTAINED,2025-12-07
2935.T,MAINTAINED,2025-12-07
2937.T,MAINTAINED,2025-12-07
2938.T,MAINTAINED,2025-12-07
2961.T,MAINTAINED,2025-12-07
2962.T,MAINTAINED,2025-12-07
2970.T,MAINTAINED,2025-12-07
2971.T,MAINTAINED,2025-12-07
2972.T,MAINTAINED,2025-12-07
2975.T,MAINTAINED,2025-12-07
2977.T,MAINTAINED,2025-12-07
2979.T,MAINTAINED,2025-12-07
2980.T,MAINTAINED,2025-12-07
2981.T,MAINTAINED,2025-12-07
2982.T,MAINTAINED,2025-12-07
2983.T,MAINTAINED,2025-12-07
2985.T,MAINTAINED,2025-12-07
2986.T,MAINTAINED,2025-12-07
2989.T,MAINTAINED,2025-12-07
2991.T,MAINTAINED,2025-12-07
2992.T,MAINTAINED,2025-12-07
2993.T,MAINTAINED,2025-12-07
2994.T,MAINTAINED,2025-12-07
2995.T,MAINTAINED,2025-12-07
2997.T,MAINTAINED,2025-12-07
2999.T,MAINTAINED,2025-12-07
3001.T,MAINTAINED,2025-12-07
3002.T,MAINTAINED,2025-12-07
3003.T,MAINTAINED,2025-12-07
3004.T,MAINTAINED,2025-12-07
3011.T,MAINTAINED,2025-12-07
3020.T,MAINTAINED,2025-12-07
3021.T,MAINTAINED,2025-12-07
3023.T,MAINTAINED,2025-12-07
3024.T,MAINTAINED,2025-12-07
3028.T,MAINTAINED,2025-12-07
3030.T,MAINTAINED,2025-12-07
3034.T,MAINTAINED,2025-12-07
3035.T,MAINTAINED,2025-12-07
3036.T,MAINTAINED,2025-12-07
3039.T,MAINTAINED,2025-12-07
3040.T,MAINTAINED,2025-12-07
3041.T,MAINTAINED,2025-12-07
3042.T,MAINTAINED,2025-12-07
3045.T,MAINTAINED,2025-12-07
3050.T,MAINTAINED,2025-12-07
3063.T,MAINTAINED,2025-12-07
3073.T,MAINTAINED,2025-12-07
3075.T,MAINTAINED,2025-12-07
3076.T,MAINTAINED,2025-12-07
3077.T,MAINTAINED,2025-12-07
3079.T,MAINTAINED,2025-12-07
3080.T,MAINTAINED,2025-12-07
3082.T,MAINTAINED,2025-12-07
3086.T,MAINTAINED,2025-12-07
3087.T,MAINTAINED,2025-12-07
3088.T,MAINTAINED,2025-12-07
3089.T,MAINTAINED,2025-12-07
3091.T,MAINTAINED,2025-12-07
3096.T,MAINTAINED,2025-12-07
3097.T,MAINTAINED,2025-12-07
3101.T,MAINTAINED,2025-12-07
3103.T,MAINTAINED,2025-12-07
3104.T,MAINTAINED,2025-12-07
3105.T,MAINTAINED,2025-12-07
3106.T,MAINTAINED,2025-12-07
3107.T,MAINTAINED,2025-12-07
3109.T,MAINTAINED,2025-12-07
3110.T,MAINTAINED,2025-12-07
3116.T,MAINTAINED,2025-12-07
3123.T,MAINTAINED,2025-12-07
3132.T,MAINTAINED,2025-12-07
3135.T,MAINTAINED,2025-12-07
3138.T,MAINTAINED,2025-12-07
3140.T,MAINTAINED,2025-12-07
3141.T,MAINTAINED,2025-12-07
3143.T,MAINTAINED,2025-12-07
3148.T,MAINTAINED,2025-12-07
3151.T,MAINTAINED,2025-12-07
3153.T,MAINTAINED,2025-12-07
3156.T,MAINTAINED,2025-12-07
3157.T,MAINTAINED,2025-12-07
3159.T,MAINTAINED,2025-12-07
3166.T,MAINTAINED,2025-12-07
3167.T,MAINTAINED,2025-12-07
3168.T,MAINTAINED,2025-12-07
3169.T,MAINTAINED,2025-12-07
3172.T,MAINTAINED,2025-12-07
3173.T,MAINTAINED,2025-12-07
3175.T,MAINTAINED,2025-12-07
3177.T,MAINTAINED,2025-12-07
3178.T,MAINTAINED,2025-12-07
3179.T,MAINTAINED,2025-12-07
3181.T,MAINTAINED,2025-12-07
3184.T,MAINTAINED,2025-12-07
3185.T,MAINTAINED,2025-12-07
3186.T,MAINTAINED,2025-12-07
3191.T,MAINTAINED,2025-12-07
3192.T,MAINTAINED,2025-12-07
3193.T,MAINTAINED,2025-12-07
3195.T,MAINTAINED,2025-12-07
3196.T,MAINTAINED,2025-12-07
3197.T,MAINTAINED,2025-12-07
3201.T,MAINTAINED,2025-12-07
3202.T,MAINTAINED,2025-12-07
3204.T,MAINTAINED,2025-12-07
3205.T,MAINTAINED,2025-12-07
3221.T,MAINTAINED,2025-12-07
3223.T,MAINTAINED,2025-12-07
3226.T,MAINTAINED,2025-12-07
3231.T,MAINTAINED,2025-12-07
3232.T,MAINTAINED,2025-12-07
3234.T,MAINTAINED,2025-12-07
3236.T,MAINTAINED,2025-12-07
3241.T,MAINTAINED,2025-12-07
3242.T,MAINTAINED,2025-12-07
3246.T,MAINTAINED,2025-12-07
3249.T,MAINTAINED,2025-12-07
3252.T,MAINTAINED,2025-12-07
3261.T,MAINTAINED,2025-12-07
3266.T,MAINTAINED,2025-12-07
3267.T,MAINTAINED,2025-12-07
3269.T,MAINTAINED,2025-12-07
3276.T,MAINTAINED,2025-12-07
3277.T,MAINTAINED,2025-12-07
3279.T,MAINTAINED,2025-12-07
3280.T,MAINTAINED,2025-12-07
3281.T,MAINTAINED,2025-12-07
3282.T,MAINTAINED,2025-12-07
3283.T,MAINTAINED,2025-12-07
3284.T,MAINTAINED,2025-12-07
3287.T,MAINTAINED,2025-12-07
3288.T,MAINTAINED,2025-12-07
3289.T,MAINTAINED,2025-12-07
3290.T,MAINTAINED,2025-12-07
3291.T,MAINTAINED,2025-12-07
3292.T,MAINTAINED,2025-12-07
3293.T,MAINTAINED,2025-12-07
3294.T,MAINTAINED,2025-12-07
3295.T,MAINTAINED,2025-12-07
3296.T,MAINTAINED,2025-12-07
3297.T,MAINTAINED,2025-12-07
3302.T,MAINTAINED,2025-12-07
3306.T,MAINTAINED,2025-12-07
3309.T,MAINTAINED,2025-12-07
3315.T,MAINTAINED,2025-12-07
3317.T,MAINTAINED,2025-12-07
3320.T,MAINTAINED,2025-12-07
3321.T,MAINTAINED,2025-12-07
3326.T,MAINTAINED,2025-12-07
3341.T,MAINTAINED,2025-12-07
3352.T,MAINTAINED,2025-12-07
3353.T,MAINTAINED,2025-12-07
3355.T,MAINTAINED,2025-12-07
3359.T,MAINTAINED,2025-12-07
3360.T,MAINTAINED,2025-12-07
3361.T,MAINTAINED,2025-12-07
3370.T,MAINTAINED,2025-12-07
3375.T,MAINTAINED,2025-12-07
3386.T,MAINTAINED,2025-12-07
3387.T,MAINTAINED,2025-12-07
3388.T,MAINTAINED,2025-12-07
3391.T,MAINTAINED,2025-12-07
3392.T,MAINTAINED,2025-12-07
3393.T,MAINTAINED,2025-12-07
3395.T,MAINTAINED,2025-12-07
3396.T,MAINTAINED,2025-12-07
3397.T,MAINTAINED,2025-12-07
3399.T,MAINTAINED,2025-12-07
3401.T,MAINTAINED,2025-12-07
3402.T,MAINTAINED,2025-12-07
3407.T,MAINTAINED,2025-12-07
3415.T,MAINTAINED,2025-12-07
3417.T,MAINTAINED,2025-12-07
3420.T,MAINTAINED,2025-12-07
3422.T,MAINTAINED,2025-12-07
3433.T,MAINTAINED,2025-12-07
3434.T,MAINTAINED,2025-12-07
3435.T,MAINTAINED,2025-12-07
3436.T,MAINTAINED,2025-12-07
3437.T,MAINTAINED,2025-12-07
3441.T,MAINTAINED,2025-12-07
3443.T,MAINTAINED,2025-12-07
3444.T,MAINTAINED,2025-12-07
3445.T,MAINTAINED,2025-12-07
3446.T,MAINTAINED,2025-12-07
3447.T,MAINTAINED,2025-12-07
3448.T,MAINTAINED,2025-12-07
3449.T,MAINTAINED,2025-12-07
3450.T,MAINTAINED,2025-12-07
3451.T,MAINTAINED,2025-12-07
3452.T,MAINTAINED,2025-12-07
3454.T,MAINTAINED,2025-12-07
3455.T,MAINTAINED,2025-12-07
3459.T,MAINTAINED,2025-12-07
3462.T,MAINTAINED,2025-12-07
3465.T,MAINTAINED,2025-12-07
3466.T,MAINTAINED,2025-12-07
3467.T,MAINTAINED,2025-12-07
3468.T,MAINTAINED,2025-12-07
3470.T,MAINTAINED,2025-12-07
3471.T,MAINTAINED,2025-12-07
3472.T,MAINTAINED,2025-12-07
3474.T,MAINTAINED,2025-12-07
3475.T,MAINTAINED,2025-12-07
3476.T,MAINTAINED,2025-12-07
3477.T,MAINTAINED,2025-12-07
3479.T,MAINTAINED,2025-12-07
3481.T,MAINTAINED,2025-12-07
3482.T,MAINTAINED,2025-12-07
3483.T,MAINTAINED,2025-12-07
3484.T,MAINTAINED,2025-12-07
3487.T,MAINTAINED,2025-12-07
3488.T,MAINTAINED,2025-12-07
3489.T,MAINTAINED,2025-12-07
3490.T,MAINTAINED,2025-12-07
3491.T,MAINTAINED,2025-12-07
3492.T,MAINTAINED,2025-12-07
3495.T,MAINTAINED,2025-12-07
3496.T,MAINTAINED,2025-12-07
3498.T,MAINTAINED,2025-12-07
3501.T,MAINTAINED,2025-12-07
3512.T,MAINTAINED,2025-12-07
3513.T,MAINTAINED,2025-12-07
3521.T,MAINTAINED,2025-12-07
3524.T,MAINTAINED,2025-12-07
3526.T,MAINTAINED,2025-12-07
3529.T,MAINTAINED,2025-12-07
3536.T,MAINTAINED,2025-12-07
3538.T,MAINTAINED,2025-12-07
3539.T,MAINTAINED,2025-12-07
3540.T,MAINTAINED,2025-12-07
3541.T,MAINTAINED,2025-12-07
3542.T,MAINTAINED,2025-12-07
3543.T,MAINTAINED,2025-12-07
3546.T,MAINTAINED,2025-12-07
3547.T,MAINTAINED,2025-12-07
3549.T,MAINTAINED,2025-12-07
3551.T,MAINTAINED,2025-12-07
3553.T,MAINTAINED,2025-12-07
3556.T,MAINTAINED,2025-12-07
3557.T,MAINTAINED,2025-12-07
3558.T,MAINTAINED,2025-12-07
3559.T,MAINTAINED,2025-12-07
3560.T,MAINTAINED,2025-12-07
3562.T,MAINTAINED,2025-12-07
3563.T,MAINTAINED,2025-12-07
3566.T,MAINTAINED,2025-12-07
3569.T,MAINTAINED,2025-12-07
3571.T,MAINTAINED,2025-12-07
3580.T,MAINTAINED,2025-12-07
3593.T,MAINTAINED,2025-12-07
3597.T,MAINTAINED,2025-12-07
3598.T,MAINTAINED,2025-12-07
3600.T,MAINTAINED,2025-12-07
3611.T,MAINTAINED,2025-12-07
3612.T,MAINTAINED,2025-12-07
3622.T,MAINTAINED,2025-12-07
3626.T,MAINTAINED,2025-12-07
3628.T,MAINTAINED,2025-12-07
3633.T,MAINTAINED,2025-12-07
3634.T,MAINTAINED,2025-12-07
3636.T,MAINTAINED,2025-12-07
3639.T,MAINTAINED,2025-12-07
3640.T,MAINTAINED,2025-12-07
3641.T,MAINTAINED,2025-12-07
3648.T,MAINTAINED,2025-12-07
3649.T,MAINTAINED,2025-12-07
3652.T,MAINTAINED,2025-12-07
3655.T,MAINTAINED,2025-12-07
3656.T,MAINTAINED,2025-12-07
3659.T,MAINTAINED,2025-12-07
3662.T,MAINTAINED,2025-12-07
3663.T,MAINTAINED,2025-12-07
3665.T,MAINTAINED,2025-12-07
3670.T,MAINTAINED,2025-12-07
3671.T,MAINTAINED,2025-12-07
3673.T,MAINTAINED,2025-12-07
3678.T,MAINTAINED,2025-12-07
3682.T,MAINTAINED,2025-12-07
3683.T,MAINTAINED,2025-12-07
3688.T,MAINTAINED,2025-12-07
3690.T,MAINTAINED,2025-12-07
3691.T,MAINTAINED,2025-12-07
3692.T,MAINTAINED,2025-12-07
3708.T,MAINTAINED,2025-12-07
3712.T,MAINTAINED,2025-12-07
3719.T,MAINTAINED,2025-12-07
3723.T,MAINTAINED,2025-12-07
3727.T,MAINTAINED,2025-12-07
3733.T,MAINTAINED,2025-12-07
3741.T,MAINTAINED,2025-12-07
3744.T,MAINTAINED,2025-12-07
3747.T,MAINTAINED,2025-12-07
3758.T,MAINTAINED,2025-12-07
3762.T,MAINTAINED,2025-12-07
3763.T,MAINTAINED,2025-12-07
3766.T,MAINTAINED,2025-12-07
3768.T,MAINTAINED,2025-12-07
3769.T,MAINTAINED,2025-12-07
3770.T,MAINTAINED,2025-12-07
3771.T,MAINTAINED,2025-12-07
3772.T,MAINTAINED,2025-12-07
3774.T,MAINTAINED,2025-12-07
3776.T,MAINTAINED,2025-12-07
3779.T,MAINTAINED,2025-12-07
3787.T,MAINTAINED,2025-12-07
3788.T,MAINTAINED,2025-12-07
3796.T,MAINTAINED,2025-12-07
3799.T,MAINTAINED,2025-12-07
3800.T,MAINTAINED,2025-12-07
3802.T,MAINTAINED,2025-12-07
3804.T,MAINTAINED,2025-12-07
3816.T,MAINTAINED,2025-12-07
3817.T,MAINTAINED,2025-12-07
3826.T,MAINTAINED,2025-12-07
3836.T,MAINTAINED,2025-12-07
3837.T,MAINTAINED,2025-12-07
3839.T,MAINTAINED,2025-12-07
3843.T,MAINTAINED,2025-12-07
3845.T,MAINTAINED,2025-12-07
3847.T,MAINTAINED,2025-12-07
3848.T,MAINTAINED,2025-12-07
3850.T,MAINTAINED,2025-12-07
3853.T,MAINTAINED,2025-12-07
3858.T,MAINTAINED,2025-12-07
3861.T,MAINTAINED,2025-12-07
3863.T,MAINTAINED,2025-12-07
3877.T,MAINTAINED,2025-12-07
3878.T,MAINTAINED,2025-12-07
3880.T,MAINTAINED,2025-12-07
3891.T,MAINTAINED,2025-12-07
3892.T,MAINTAINED,2025-12-07
3902.T,MAINTAINED,2025-12-07
3904.T,MAINTAINED,2025-12-07
3905.T,MAINTAINED,2025-12-07
3912.T,MAINTAINED,2025-12-07
3913.T,MAINTAINED,2025-12-07
3916.T,MAINTAINED,2025-12-07
3918.T,MAINTAINED,2025-12-07
3920.T,MAINTAINED,2025-12-07
3921.T,MAINTAINED,2025-12-07
3922.T,MAINTAINED,2025-12-07
3923.T,MAINTAINED,2025-12-07
3924.T,MAINTAINED,2025-12-07
3925.T,MAINTAINED,2025-12-07
3929.T,MAINTAINED,2025-12-07
3934.T,MAINTAINED,2025-12-07
3935.T,MAINTAINED,2025-12-07
3939.T,MAINTAINED,2025-12-07
3940.T,MAINTAINED,2025-12-07
3941.T,MAINTAINED,2025-12-07
3943.T,MAINTAINED,2025-12-07
3944.T,MAINTAINED,2025-12-07
3945.T,MAINTAINED,2025-12-07
3946.T,MAINTAINED,2025-12-07
3947.T,MAINTAINED,2025-12-07
3948.T,MAINTAINED,2025-12-07
3950.T,MAINTAINED,2025-12-07
3954.T,MAINTAINED,2025-12-07
3955.T,MAINTAINED,2025-12-07
3958.T,MAINTAINED,2025-12-07
3961.T,MAINTAINED,2025-12-07
3963.T,MAINTAINED,2025-12-07
3964.T,MAINTAINED,2025-12-07
3968.T,MAINTAINED,2025-12-07
3974.T,MAINTAINED,2025-12-07
3979.T,MAINTAINED,2025-12-07
3984.T,MAINTAINED,2025-12-07
3987.T,MAINTAINED,2025-12-07
3988.T,MAINTAINED,2025-12-07
3989.T,MAINTAINED,2025-12-07
3992.T,MAINTAINED,2025-12-07
3997.T,MAINTAINED,2025-12-07
4004.T,MAINTAINED,2025-12-07
4005.T,MAINTAINED,2025-12-07
4008.T,MAINTAINED,2025-12-07
4013.T,MAINTAINED,2025-12-07
4016.T,MAINTAINED,2025-12-07
4020.T,MAINTAINED,2025-12-07
4021.T,MAINTAINED,2025-12-07
4022.T,MAINTAINED,2025-12-07
4023.T,MAINTAINED,2025-12-07
4025.T,MAINTAINED,2025-12-07
4026.T,MAINTAINED,2025-12-07
4028.T,MAINTAINED,2025-12-07
4040.T,MAINTAINED,2025-12-07
4041.T,MAINTAINED,2025-12-07
4042.T,MAINTAINED,2025-12-07
4043.T,MAINTAINED,2025-12-07
4044.T,MAINTAINED,2025-12-07
4045.T,MAINTAINED,2025-12-07
4046.T,MAINTAINED,2025-12-07
4047.T,MAINTAINED,2025-12-07
4055.T,MAINTAINED,2025-12-07
4060.T,MAINTAINED,2025-12-07
4061.T,MAINTAINED,2025-12-07
4062.T,MAINTAINED,2025-12-07
4063.T,MAINTAINED,2025-12-07
4064.T,MAINTAINED,2025-12-07
4068.T,MAINTAINED,2025-12-07
4071.T,MAINTAINED,2025-12-07
4072.T,MAINTAINED,2025-12-07
4074.T,MAINTAINED,2025-12-07
4075.T,MAINTAINED,2025-12-07
4076.T,MAINTAINED,2025-12-07
4078.T,MAINTAINED,2025-12-07
4082.T,MAINTAINED,2025-12-07
4088.T,MAINTAINED,2025-12-07
4092.T,MAINTAINED,2025-12-07
4093.T,MAINTAINED,2025-12-07
4094.T,MAINTAINED,2025-12-07
4095.T,MAINTAINED,2025-12-07
4097.T,MAINTAINED,2025-12-07
4099.T,MAINTAINED,2025-12-07
4102.T,MAINTAINED,2025-12-07
4107.T,MAINTAINED,2025-12-07
4109.T,MAINTAINED,2025-12-07
4112.T,MAINTAINED,2025-12-07
4114.T,MAINTAINED,2025-12-07
4116.T,MAINTAINED,2025-12-07
4118.T,MAINTAINED,2025-12-07
4119.T,MAINTAINED,2025-12-07
4120.T,MAINTAINED,2025-12-07
4125.T,MAINTAINED,2025-12-07
4151.T,MAINTAINED,2025-12-07
4168.T,MAINTAINED,2025-12-07
4171.T,MAINTAINED,2025-12-07
4172.T,MAINTAINED,2025-12-07
4175.T,MAINTAINED,2025-12-07
4177.T,MAINTAINED,2025-12-07
4182.T,MAINTAINED,2025-12-07
4183.T,MAINTAINED,2025-12-07
4186.T,MAINTAINED,2025-12-07
4187.T,MAINTAINED,2025-12-07
4188.T,MAINTAINED,2025-12-07
4194.T,MAINTAINED,2025-12-07
4196.T,MAINTAINED,2025-12-07
4203.T,MAINTAINED,2025-12-07
4205.T,MAINTAINED,2025-12-07
4208.T,MAINTAINED,2025-12-07
4212.T,MAINTAINED,2025-12-07
4216.T,MAINTAINED,2025-12-07
4220.T,MAINTAINED,2025-12-07
4221.T,MAINTAINED,2025-12-07
4222.T,MAINTAINED,2025-12-07
4224.T,MAINTAINED,2025-12-07
4228.T,MAINTAINED,2025-12-07
4229.T,MAINTAINED,2025-12-07
4231.T,MAINTAINED,2025-12-07
4234.T,MAINTAINED,2025-12-07
4235.T,MAINTAINED,2025-12-07
4240.T,MAINTAINED,2025-12-07
4241.T,MAINTAINED,2025-12-07
4242.T,MAINTAINED,2025-12-07
4243.T,MAINTAINED,2025-12-07
4245.T,MAINTAINED,2025-12-07
4246.T,MAINTAINED,2025-12-07
4247.T,MAINTAINED,2025-12-07
4248.T,MAINTAINED,2025-12-07
4249.T,MAINTAINED,2025-12-07
4251.T,MAINTAINED,2025-12-07
4255.T,MAINTAINED,2025-12-07
4256.T,MAINTAINED,2025-12-07
4257.T,MAINTAINED,2025-12-07
4258.T,MAINTAINED,2025-12-07
4259.T,MAINTAINED,2025-12-07
4261.T,MAINTAINED,2025-12-07
4262.T,MAINTAINED,2025-12-07
4263.T,MAINTAINED,2025-12-07
4265.T,MAINTAINED,2025-12-07
4272.T,MAINTAINED,2025-12-07
4275.T,MAINTAINED,2025-12-07
4284.T,MAINTAINED,2025-12-07
4286.T,MAINTAINED,2025-12-07
4287.T,MAINTAINED,2025-12-07
4288.T,MAINTAINED,2025-12-07
4290.T,MAINTAINED,2025-12-07
4293.T,MAINTAINED,2025-12-07
4299.T,MAINTAINED,2025-12-07
4301.T,MAINTAINED,2025-12-07
4307.T,MAINTAINED,2025-12-07
4316.T,MAINTAINED,2025-12-07
4317.T,MAINTAINED,2025-12-07
4318.T,MAINTAINED,2025-12-07
4319.T,MAINTAINED,2025-12-07
4320.T,MAINTAINED,2025-12-07
4323.T,MAINTAINED,2025-12-07
4324.T,MAINTAINED,2025-12-07
4334.T,MAINTAINED,2025-12-07
4335.T,MAINTAINED,2025-12-07
4345.T,MAINTAINED,2025-12-07
4350.T,MAINTAINED,2025-12-07
4351.T,MAINTAINED,2025-12-07
4356.T,MAINTAINED,2025-12-07
4360.T,MAINTAINED,2025-12-07
4361.T,MAINTAINED,2025-12-07
4362.T,MAINTAINED,2025-12-07
4366.T,MAINTAINED,2025-12-07
4368.T,MAINTAINED,2025-12-07
4369.T,MAINTAINED,2025-12-07
4371.T,MAINTAINED,2025-12-07
4373.T,MAINTAINED,2025-12-07
4374.T,MAINTAINED,2025-12-07
4377.T,MAINTAINED,2025-12-07
4380.T,MAINTAINED,2025-12-07
4381.T,MAINTAINED,2025-12-07
4384.T,MAINTAINED,2025-12-07
4385.T,MAINTAINED,2025-12-07
4386.T,MAINTAINED,2025-12-07
4390.T,MAINTAINED,2025-12-07
4392.T,MAINTAINED,2025-12-07
4396.T,MAINTAINED,2025-12-07
4397.T,MAINTAINED,2025-12-07
4398.T,MAINTAINED,2025-12-07
4401.T,MAINTAINED,2025-12-07
4403.T,MAINTAINED,2025-12-07
4404.T,MAINTAINED,2025-12-07
4406.T,MAINTAINED,2025-12-07
4409.T,MAINTAINED,2025-12-07
4410.T,MAINTAINED,2025-12-07
4412.T,MAINTAINED,2025-12-07
4415.T,MAINTAINED,2025-12-07
4417.T,MAINTAINED,2025-12-07
4418.T,MAINTAINED,2025-12-07
4424.T,MAINTAINED,2025-12-07
4425.T,MAINTAINED,2025-12-07
4426.T,MAINTAINED,2025-12-07
4429.T,MAINTAINED,2025-12-07
4430.T,MAINTAINED,2025-12-07
4433.T,MAINTAINED,2025-12-07
4439.T,MAINTAINED,2025-12-07
4441.T,MAINTAINED,2025-12-07
4445.T,MAINTAINED,2025-12-07
4446.T,MAINTAINED,2025-12-07
4450.T,MAINTAINED,2025-12-07
4461.T,MAINTAINED,2025-12-07
4462.T,MAINTAINED,2025-12-07
4463.T,MAINTAINED,2025-12-07
4464.T,MAINTAINED,2025-12-07
4465.T,MAINTAINED,2025-12-07
4471.T,MAINTAINED,2025-12-07
4476.T,MAINTAINED,2025-12-07
4482.T,MAINTAINED,2025-12-07
4483.T,MAINTAINED,2025-12-07
4484.T,MAINTAINED,2025-12-07
4486.T,MAINTAINED,2025-12-07
4491.T,MAINTAINED,2025-12-07
4494.T,MAINTAINED,2025-12-07
4495.T,MAINTAINED,2025-12-07
4502.T,MAINTAINED,2025-12-07
4503.T,MAINTAINED,2025-12-07
4506.T,MAINTAINED,2025-12-07
4507.T,MAINTAINED,2025-12-07
4516.T,MAINTAINED,2025-12-07
4519.T,MAINTAINED,2025-12-07
4523.T,MAINTAINED,2025-12-07
4524.T,MAINTAINED,2025-12-07
4526.T,MAINTAINED,2025-12-07
4527.T,MAINTAINED,2025-12-07
4528.T,MAINTAINED,2025-12-07
4531.T,MAINTAINED,2025-12-07
4534.T,MAINTAINED,2025-12-07
4536.T,MAINTAINED,2025-12-07
4539.T,MAINTAINED,2025-12-07
4544.T,MAINTAINED,2025-12-07
4547.T,MAINTAINED,2025-12-07
4549.T,MAINTAINED,2025-12-07
4552.T,MAINTAINED,2025-12-07
4553.T,MAINTAINED,2025-12-07
4554.T,MAINTAINED,2025-12-07
4556.T,MAINTAINED,2025-12-07
4569.T,MAINTAINED,2025-12-07
4570.T,MAINTAINED,2025-12-07
4571.T,MAINTAINED,2025-12-07
4574.T,MAINTAINED,2025-12-07
4577.T,MAINTAINED,2025-12-07
4578.T,MAINTAINED,2025-12-07
4579.T,MAINTAINED,2025-12-07
4584.T,MAINTAINED,2025-12-07
4586.T,MAINTAINED,2025-12-07
4588.T,MAINTAINED,2025-12-07
4595.T,MAINTAINED,2025-12-07
4611.T,MAINTAINED,2025-12-07
4613.T,MAINTAINED,2025-12-07
4616.T,MAINTAINED,2025-12-07
4617.T,MAINTAINED,2025-12-07
4619.T,MAINTAINED,2025-12-07
4620.T,MAINTAINED,2025-12-07
4624.T,MAINTAINED,2025-12-07
4625.T,MAINTAINED,2025-12-07
4626.T,MAINTAINED,2025-12-07
4627.T,MAINTAINED,2025-12-07
4628.T,MAINTAINED,2025-12-07
4629.T,MAINTAINED,2025-12-07
4631.T,MAINTAINED,2025-12-07
4633.T,MAINTAINED,2025-12-07
4634.T,MAINTAINED,2025-12-07
4635.T,MAINTAINED,2025-12-07
4642.T,MAINTAINED,2025-12-07
4644.T,MAINTAINED,2025-12-07
4645.T,MAINTAINED,2025-12-07
4658.T,MAINTAINED,2025-12-07
4659.T,MAINTAINED,2025-12-07
4662.T,MAINTAINED,2025-12-07
4664.T,MAINTAINED,2025-12-07
4665.T,MAINTAINED,2025-12-07
4667.T,MAINTAINED,2025-12-07
4671.T,MAINTAINED,2025-12-07
4673.T,MAINTAINED,2025-12-07
4674.T,MAINTAINED,2025-12-07
4676.T,MAINTAINED,2025-12-07
4678.T,MAINTAINED,2025-12-07
4681.T,MAINTAINED,2025-12-07
4684.T,MAINTAINED,2025-12-07
4686.T,MAINTAINED,2025-12-07
4691.T,MAINTAINED,2025-12-07
4694.T,MAINTAINED,2025-12-07
4705.T,MAINTAINED,2025-12-07
4707.T,MAINTAINED,2025-12-07
4709.T,MAINTAINED,2025-12-07
4718.T,MAINTAINED,2025-12-07
4719.T,MAINTAINED,2025-12-07
4720.T,MAINTAINED,2025-12-07
4725.T,MAINTAINED,2025-12-07
4732.T,MAINTAINED,2025-12-07
4733.T,MAINTAINED,2025-12-07
4743.T,MAINTAINED,2025-12-07
4745.T,MAINTAINED,2025-12-07
4746.T,MAINTAINED,2025-12-07
4750.T,MAINTAINED,2025-12-07
4752.T,MAINTAINED,2025-12-07
4754.T,MAINTAINED,2025-12-07
4755.T,MAINTAINED,2025-12-07
4762.T,MAINTAINED,2025-12-07
4766.T,MAINTAINED,2025-12-07
4767.T,MAINTAINED,2025-12-07
4768.T,MAINTAINED,2025-12-07
4769.T,MAINTAINED,2025-12-07
4771.T,MAINTAINED,2025-12-07
4800.T,MAINTAINED,2025-12-07
4801.T,MAINTAINED,2025-12-07
4809.T,MAINTAINED,2025-12-07
4811.T,MAINTAINED,2025-12-07
4812.T,MAINTAINED,2025-12-07
4814.T,MAINTAINED,2025-12-07
4820.T,MAINTAINED,2025-12-07
4826.T,MAINTAINED,2025-12-07
4828.T,MAINTAINED,2025-12-07
4832.T,MAINTAINED,2025-12-07
4838.T,MAINTAINED,2025-12-07
4839.T,MAINTAINED,2025-12-07
4840.T,MAINTAINED,2025-12-07
4848.T,MAINTAINED,2025-12-07
4875.T,MAINTAINED,2025-12-07
4887.T,MAINTAINED,2025-12-07
4889.T,MAINTAINED,2025-12-07
4901.T,MAINTAINED,2025-12-07
4902.T,MAINTAINED,2025-12-07
4914.T,MAINTAINED,2025-12-07
4917.T,MAINTAINED,2025-12-07
4918.T,MAINTAINED,2025-12-07
4920.T,MAINTAINED,2025-12-07
4926.T,MAINTAINED,2025-12-07
4927.T,MAINTAINED,2025-12-07
4928.T,MAINTAINED,2025-12-07
4937.T,MAINTAINED,2025-12-07
4956.T,MAINTAINED,2025-12-07
4957.T,MAINTAINED,2025-12-07
4960.T,MAINTAINED,2025-12-07
4966.T,MAINTAINED,2025-12-07
4968.T,MAINTAINED,2025-12-07
4970.T,MAINTAINED,2025-12-07
4971.T,MAINTAINED,2025-12-07
4972.T,MAINTAINED,2025-12-07
4973.T,MAINTAINED,2025-12-07
4975.T,MAINTAINED,2025-12-07
4976.T,MAINTAINED,2025-12-07
4977.T,MAINTAINED,2025-12-07
4979.T,MAINTAINED,2025-12-07
4980.T,MAINTAINED,2025-12-07
4990.T,MAINTAINED,2025-12-07
4992.T,MAINTAINED,2025-12-07
4994.T,MAINTAINED,2025-12-07
4997.T,MAINTAINED,2025-12-07
4998.T,MAINTAINED,2025-12-07
5013.T,MAINTAINED,2025-12-07
5015.T,MAINTAINED,2025-12-07
5017.T,MAINTAINED,2025-12-07
5018.T,MAINTAINED,2025-12-07
5019.T,MAINTAINED,2025-12-07
5020.T,MAINTAINED,2025-12-07
5021.T,MAINTAINED,2025-12-07
5022.T,MAINTAINED,2025-12-07
5028.T,MAINTAINED,2025-12-07
5031.T,MAINTAINED,2025-12-07
5032.T,MAINTAINED,2025-12-07
5034.T,MAINTAINED,2025-12-07
5036.T,MAINTAINED,2025-12-07
5037.T,MAINTAINED,2025-12-07
5038.T,MAINTAINED,2025-12-07
5070.T,MAINTAINED,2025-12-07
5071.T,MAINTAINED,2025-12-07
5072.T,MAINTAINED,2025-12-07
5076.T,MAINTAINED,2025-12-07
5077.T,MAINTAINED,2025-12-07
5078.T,MAINTAINED,2025-12-07
5079.T,MAINTAINED,2025-12-07
5101.T,MAINTAINED,2025-12-07
5103.T,MAINTAINED,2025-12-07
5105.T,MAINTAINED,2025-12-07
5108.T,MAINTAINED,2025-12-07
5110.T,MAINTAINED,2025-12-07
5121.T,MAINTAINED,2025-12-07
5122.T,MAINTAINED,2025-12-07
5125.T,MAINTAINED,2025-12-07
5130.T,MAINTAINED,2025-12-07
5132.T,MAINTAINED,2025-12-07
5133.T,MAINTAINED,2025-12-07
5137.T,MAINTAINED,2025-12-07
5139.T,MAINTAINED,2025-12-07
5142.T,MAINTAINED,2025-12-07
5161.T,MAINTAINED,2025-12-07
5162.T,MAINTAINED,2025-12-07
5184.T,MAINTAINED,2025-12-07
5185.T,MAINTAINED,2025-12-07
5186.T,MAINTAINED,2025-12-07
5187.T,MAINTAINED,2025-12-07
5189.T,MAINTAINED,2025-12-07
5191.T,MAINTAINED,2025-12-07
5192.T,MAINTAINED,2025-12-07
5195.T,MAINTAINED,2025-12-07
5199.T,MAINTAINED,2025-12-07
5201.T,MAINTAINED,2025-12-07
5202.T,MAINTAINED,2025-12-07
5204.T,MAINTAINED,2025-12-07
5208.T,MAINTAINED,2025-12-07
5210.T,MAINTAINED,2025-12-07
5214.T,MAINTAINED,2025-12-07
5218.T,MAINTAINED,2025-12-07
5237.T,MAINTAINED,2025-12-07
5241.T,MAINTAINED,2025-12-07
5243.T,MAINTAINED,2025-12-07
5249.T,MAINTAINED,2025-12-07
5250.T,MAINTAINED,2025-12-07
5251.T,MAINTAINED,2025-12-07
5252.T,MAINTAINED,2025-12-07
5255.T,MAINTAINED,2025-12-07
5257.T,MAINTAINED,2025-12-07
5258.T,MAINTAINED,2025-12-07
5259.T,MAINTAINED,2025-12-07
5261.T,MAINTAINED,2025-12-07
5262.T,MAINTAINED,2025-12-07
5268.T,MAINTAINED,2025-12-07
5271.T,MAINTAINED,2025-12-07
5273.T,MAINTAINED,2025-12-07
5279.T,MAINTAINED,2025-12-07
5280.T,MAINTAINED,2025-12-07
5282.T,MAINTAINED,2025-12-07
5283.T,MAINTAINED,2025-12-07
5284.T,MAINTAINED,2025-12-07
5285.T,MAINTAINED,2025-12-07
5287.T,MAINTAINED,2025-12-07
5288.T,MAINTAINED,2025-12-07
5290.T,MAINTAINED,2025-12-07
5301.T,MAINTAINED,2025-12-07
5302.T,MAINTAINED,2025-12-07
5304.T,MAINTAINED,2025-12-07
5310.T,MAINTAINED,2025-12-07
5331.T,MAINTAINED,2025-12-07
5332.T,MAINTAINED,2025-12-07
5333.T,MAINTAINED,2025-12-07
5334.T,MAINTAINED,2025-12-07
5344.T,MAINTAINED,2025-12-07
5351.T,MAINTAINED,2025-12-07
5352.T,MAINTAINED,2025-12-07
5355.T,MAINTAINED,2025-12-07
5356.T,MAINTAINED,2025-12-07
5357.T,MAINTAINED,2025-12-07
5363.T,MAINTAINED,2025-12-07
5367.T,MAINTAINED,2025-12-07
5368.T,MAINTAINED,2025-12-07
5380.T,MAINTAINED,2025-12-07
5384.T,MAINTAINED,2025-12-07
5386.T,MAINTAINED,2025-12-07
5388.T,MAINTAINED,2025-12-07
5391.T,MAINTAINED,2025-12-07
5393.T,MAINTAINED,2025-12-07
5406.T,MAINTAINED,2025-12-07
5411.T,MAINTAINED,2025-12-07
5440.T,MAINTAINED,2025-12-07
5444.T,MAINTAINED,2025-12-07
5449.T,MAINTAINED,2025-12-07
5451.T,MAINTAINED,2025-12-07
5458.T,MAINTAINED,2025-12-07
5463.T,MAINTAINED,2025-12-07
5464.T,MAINTAINED,2025-12-07
5471.T,MAINTAINED,2025-12-07
5476.T,MAINTAINED,2025-12-07
5480.T,MAINTAINED,2025-12-07
5482.T,MAINTAINED,2025-12-07
5484.T,MAINTAINED,2025-12-07
5491.T,MAINTAINED,2025-12-07
5525.T,MAINTAINED,2025-12-07
5527.T,MAINTAINED,2025-12-07
5528.T,MAINTAINED,2025-12-07
5529.T,MAINTAINED,2025-12-07
5532.T,MAINTAINED,2025-12-07
5533.T,MAINTAINED,2025-12-07
5534.T,MAINTAINED,2025-12-07
5536.T,MAINTAINED,2025-12-07
5541.T,MAINTAINED,2025-12-07
5542.T,MAINTAINED,2025-12-07
5563.T,MAINTAINED,2025-12-07
5571.T,MAINTAINED,2025-12-07
5573.T,MAINTAINED,2025-12-07
5576.T,MAINTAINED,2025-12-07
5577.T,MAINTAINED,2025-12-07
5578.T,MAINTAINED,2025-12-07
5580.T,MAINTAINED,2025-12-07
5581.T,MAINTAINED,2025-12-07
5582.T,MAINTAINED,2025-12-07
5584.T,MAINTAINED,2025-12-07
5589.T,MAINTAINED,2025-12-07
5594.T,MAINTAINED,2025-12-07
5596.T,MAINTAINED,2025-12-07
5597.T,MAINTAINED,2025-12-07
5598.T,MAINTAINED,2025-12-07
5599.T,MAINTAINED,2025-12-07
5602.T,MAINTAINED,2025-12-07
5603.T,MAINTAINED,2025-12-07
5612.T,MAINTAINED,2025-12-07
5617.T,MAINTAINED,2025-12-07
5618.T,MAINTAINED,2025-12-07
5620.T,MAINTAINED,2025-12-07
5622.T,MAINTAINED,2025-12-07
5631.T,MAINTAINED,2025-12-07
5632.T,MAINTAINED,2025-12-07
5644.T,MAINTAINED,2025-12-07
5658.T,MAINTAINED,2025-12-07
5695.T,MAINTAINED,2025-12-07
5697.T,MAINTAINED,2025-12-07
5698.T,MAINTAINED,2025-12-07
5699.T,MAINTAINED,2025-12-07
5702.T,MAINTAINED,2025-12-07
5703.T,MAINTAINED,2025-12-07
5706.T,MAINTAINED,2025-12-07
5707.T,MAINTAINED,2025-12-07
5711.T,MAINTAINED,2025-12-07
5713.T,MAINTAINED,2025-12-07
5714.T,MAINTAINED,2025-12-07
5715.T,MAINTAINED,2025-12-07
5721.T,MAINTAINED,2025-12-07
5724.T,MAINTAINED,2025-12-07
5726.T,MAINTAINED,2025-12-07
5729.T,MAINTAINED,2025-12-07
5741.T,MAINTAINED,2025-12-07
5753.T,MAINTAINED,2025-12-07
5801.T,MAINTAINED,2025-12-07
5802.T,MAINTAINED,2025-12-07
5803.T,MAINTAINED,2025-12-07
5805.T,MAINTAINED,2025-12-07
5816.T,MAINTAINED,2025-12-07
5817.T,MAINTAINED,2025-12-07
5819.T,MAINTAINED,2025-12-07
5821.T,MAINTAINED,2025-12-07
5830.T,MAINTAINED,2025-12-07
5831.T,MAINTAINED,2025-12-07
5832.T,MAINTAINED,2025-12-07
5834.T,MAINTAINED,2025-12-07
5838.T,MAINTAINED,2025-12-07
5840.T,MAINTAINED,2025-12-07
5843.T,MAINTAINED,2025-12-07
5844.T,MAINTAINED,2025-12-07
5845.T,MAINTAINED,2025-12-07
5851.T,MAINTAINED,2025-12-07
5852.T,MAINTAINED,2025-12-07
5857.T,MAINTAINED,2025-12-07
5858.T,MAINTAINED,2025-12-07
5866.T,MAINTAINED,2025-12-07
5867.T,MAINTAINED,2025-12-07
5868.T,MAINTAINED,2025-12-07
5869.T,MAINTAINED,2025-12-07
5870.T,MAINTAINED,2025-12-07
5881.T,MAINTAINED,2025-12-07
5883.T,MAINTAINED,2025-12-07
5884.T,MAINTAINED,2025-12-07
5885.T,MAINTAINED,2025-12-07
5886.T,MAINTAINED,2025-12-07
5887.T,MAINTAINED,2025-12-07
5890.T,MAINTAINED,2025-12-07
5893.T,MAINTAINED,2025-12-07
5900.T,MAINTAINED,2025-12-07
5901.T,MAINTAINED,2025-12-07
5902.T,MAINTAINED,2025-12-07
5906.T,MAINTAINED,2025-12-07
5909.T,MAINTAINED,2025-12-07
5911.T,MAINTAINED,2025-12-07
5915.T,MAINTAINED,2025-12-07
5918.T,MAINTAINED,2025-12-07
5921.T,MAINTAINED,2025-12-07
5922.T,MAINTAINED,2025-12-07
5923.T,MAINTAINED,2025-12-07
5928.T,MAINTAINED,2025-12-07
5933.T,MAINTAINED,2025-12-07
5936.T,MAINTAINED,2025-12-07
5938.T,MAINTAINED,2025-12-07
5940.T,MAINTAINED,2025-12-07
5942.T,MAINTAINED,2025-12-07
5943.T,MAINTAINED,2025-12-07
5945.T,MAINTAINED,2025-12-07
5946.T,MAINTAINED,2025-12-07
5947.T,MAINTAINED,2025-12-07
5949.T,MAINTAINED,2025-12-07
5951.T,MAINTAINED,2025-12-07
5952.T,MAINTAINED,2025-12-07
5955.T,MAINTAINED,2025-12-07
5956.T,MAINTAINED,2025-12-07
5957.T,MAINTAINED,2025-12-07
5958.T,MAINTAINED,2025-12-07
5959.T,MAINTAINED,2025-12-07
5962.T,MAINTAINED,2025-12-07
5965.T,MAINTAINED,2025-12-07
5970.T,MAINTAINED,2025-12-07
5971.T,MAINTAINED,2025-12-07
5973.T,MAINTAINED,2025-12-07
5974.T,MAINTAINED,2025-12-07
5975.T,MAINTAINED,2025-12-07
5976.T,MAINTAINED,2025-12-07
5981.T,MAINTAINED,2025-12-07
5982.T,MAINTAINED,2025-12-07
5983.T,MAINTAINED,2025-12-07
5984.T,MAINTAINED,2025-12-07
5985.T,MAINTAINED,2025-12-07
5986.T,MAINTAINED,2025-12-07
5989.T,MAINTAINED,2025-12-07
5990.T,MAINTAINED,2025-12-07
5991.T,MAINTAINED,2025-12-07
5992.T,MAINTAINED,2025-12-07
5994.T,MAINTAINED,2025-12-07
5997.T,MAINTAINED,2025-12-07
5998.T,MAINTAINED,2025-12-07
6013.T,MAINTAINED,2025-12-07
6016.T,MAINTAINED,2025-12-07
6018.T,MAINTAINED,2025-12-07
6022.T,MAINTAINED,2025-12-07
6023.T,MAINTAINED,2025-12-07
6028.T,MAINTAINED,2025-12-07
6029.T,MAINTAINED,2025-12-07
6035.T,MAINTAINED,2025-12-07
6037.T,MAINTAINED,2025-12-07
6038.T,MAINTAINED,2025-12-07
6039.T,MAINTAINED,2025-12-07
6040.T,MAINTAINED,2025-12-07
6042.T,MAINTAINED,2025-12-07
6044.T,MAINTAINED,2025-12-07
6045.T,MAINTAINED,2025-12-07
6046.T,MAINTAINED,2025-12-07
6055.T,MAINTAINED,2025-12-07
6058.T,MAINTAINED,2025-12-07
6059.T,MAINTAINED,2025-12-07
6060.T,MAINTAINED,2025-12-07
6061.T,MAINTAINED,2025-12-07
6062.T,MAINTAINED,2025-12-07
6069.T,MAINTAINED,2025-12-07
6070.T,MAINTAINED,2025-12-07
6071.T,MAINTAINED,2025-12-07
6072.T,MAINTAINED,2025-12-07
6074.T,MAINTAINED,2025-12-07
6078.T,MAINTAINED,2025-12-07
6080.T,MAINTAINED,2025-12-07
6081.T,MAINTAINED,2025-12-07
6083.T,MAINTAINED,2025-12-07
6085.T,MAINTAINED,2025-12-07
6086.T,MAINTAINED,2025-12-07
6087.T,MAINTAINED,2025-12-07
6089.T,MAINTAINED,2025-12-07
6091.T,MAINTAINED,2025-12-07
6092.T,MAINTAINED,2025-12-07
6093.T,MAINTAINED,2025-12-07
6095.T,MAINTAINED,2025-12-07
6101.T,MAINTAINED,2025-12-07
6103.T,MAINTAINED,2025-12-07
6104.T,MAINTAINED,2025-12-07
6113.T,MAINTAINED,2025-12-07
6118.T,MAINTAINED,2025-12-07
6125.T,MAINTAINED,2025-12-07
6134.T,MAINTAINED,2025-12-07
6136.T,MAINTAINED,2025-12-07
6137.T,MAINTAINED,2025-12-07
6138.T,MAINTAINED,2025-12-07
6140.T,MAINTAINED,2025-12-07
6143.T,MAINTAINED,2025-12-07
6144.T,MAINTAINED,2025-12-07
6145.T,MAINTAINED,2025-12-07
6146.T,MAINTAINED,2025-12-07
6147.T,MAINTAINED,2025-12-07
6149.T,MAINTAINED,2025-12-07
6155.T,MAINTAINED,2025-12-07
6157.T,MAINTAINED,2025-12-07
6159.T,MAINTAINED,2025-12-07
6161.T,MAINTAINED,2025-12-07
6165.T,MAINTAINED,2025-12-07
6167.T,MAINTAINED,2025-12-07
6168.T,MAINTAINED,2025-12-07
6171.T,MAINTAINED,2025-12-07
6174.T,MAINTAINED,2025-12-07
6176.T,MAINTAINED,2025-12-07
6178.T,MAINTAINED,2025-12-07
6180.T,MAINTAINED,2025-12-07
6183.T,MAINTAINED,2025-12-07
6184.T,MAINTAINED,2025-12-07
6185.T,MAINTAINED,2025-12-07
6189.T,MAINTAINED,2025-12-07
6190.T,MAINTAINED,2025-12-07
6193.T,MAINTAINED,2025-12-07
6195.T,MAINTAINED,2025-12-07
6196.T,MAINTAINED,2025-12-07
6197.T,MAINTAINED,2025-12-07
6201.T,MAINTAINED,2025-12-07
6208.T,MAINTAINED,2025-12-07
6209.T,MAINTAINED,2025-12-07
6210.T,MAINTAINED,2025-12-07
6218.T,MAINTAINED,2025-12-07
6222.T,MAINTAINED,2025-12-07
6223.T,MAINTAINED,2025-12-07
6224.T,MAINTAINED,2025-12-07
6226.T,MAINTAINED,2025-12-07
6227.T,MAINTAINED,2025-12-07
6229.T,MAINTAINED,2025-12-07
6230.T,MAINTAINED,2025-12-07
6231.T,MAINTAINED,2025-12-07
6233.T,MAINTAINED,2025-12-07
6235.T,MAINTAINED,2025-12-07
6237.T,MAINTAINED,2025-12-07
6238.T,MAINTAINED,2025-12-07
6239.T,MAINTAINED,2025-12-07
6246.T,MAINTAINED,2025-12-07
6247.T,MAINTAINED,2025-12-07
6248.T,MAINTAINED,2025-12-07
6249.T,MAINTAINED,2025-12-07
6250.T,MAINTAINED,2025-12-07
6254.T,MAINTAINED,2025-12-07
6258.T,MAINTAINED,2025-12-07
6262.T,MAINTAINED,2025-12-07
6264.T,MAINTAINED,2025-12-07
6265.T,MAINTAINED,2025-12-07
6267.T,MAINTAINED,2025-12-07
6268.T,MAINTAINED,2025-12-07
6269.T,MAINTAINED,2025-12-07
6272.T,MAINTAINED,2025-12-07
6273.T,MAINTAINED,2025-12-07
6276.T,MAINTAINED,2025-12-07
6277.T,MAINTAINED,2025-12-07
6278.T,MAINTAINED,2025-12-07
6284.T,MAINTAINED,2025-12-07
6286.T,MAINTAINED,2025-12-07
6287.T,MAINTAINED,2025-12-07
6289.T,MAINTAINED,2025-12-07
6291.T,MAINTAINED,2025-12-07
6294.T,MAINTAINED,2025-12-07
6297.T,MAINTAINED,2025-12-07
6298.T,MAINTAINED,2025-12-07
6301.T,MAINTAINED,2025-12-07
6302.T,MAINTAINED,2025-12-07
6305.T,MAINTAINED,2025-12-07
6306.T,MAINTAINED,2025-12-07
6307.T,MAINTAINED,2025-12-07
6309.T,MAINTAINED,2025-12-07
6310.T,MAINTAINED,2025-12-07
6312.T,MAINTAINED,2025-12-07
6315.T,MAINTAINED,2025-12-07
6316.T,MAINTAINED,2025-12-07
6317.T,MAINTAINED,2025-12-07
6323.T,MAINTAINED,2025-12-07
6324.T,MAINTAINED,2025-12-07
6325.T,MAINTAINED,2025-12-07
6326.T,MAINTAINED,2025-12-07
6327.T,MAINTAINED,2025-12-07
6328.T,MAINTAINED,2025-12-07
6330.T,MAINTAINED,2025-12-07
6331.T,MAINTAINED,2025-12-07
6332.T,MAINTAINED,2025-12-07
6334.T,MAINTAINED,2025-12-07
6335.T,MAINTAINED,2025-12-07
6336.T,MAINTAINED,2025-12-07
6337.T,MAINTAINED,2025-12-07
6339.T,MAINTAINED,2025-12-07
6343.T,MAINTAINED,2025-12-07
6346.T,MAINTAINED,2025-12-07
6347.T,MAINTAINED,2025-12-07
6349.T,MAINTAINED,2025-12-07
6351.T,MAINTAINED,2025-12-07
6356.T,MAINTAINED,2025-12-07
6357.T,MAINTAINED,2025-12-07
6360.T,MAINTAINED,2025-12-07
6361.T,MAINTAINED,2025-12-07
6365.T,MAINTAINED,2025-12-07
6366.T,MAINTAINED,2025-12-07
6367.T,MAINTAINED,2025-12-07
6368.T,MAINTAINED,2025-12-07
6369.T,MAINTAINED,2025-12-07
6370.T,MAINTAINED,2025-12-07
6371.T,MAINTAINED,2025-12-07
6373.T,MAINTAINED,2025-12-07
6376.T,MAINTAINED,2025-12-07
6378.T,MAINTAINED,2025-12-07
6379.T,MAINTAINED,2025-12-07
6380.T,MAINTAINED,2025-12-07
6381.T,MAINTAINED,2025-12-07
6382.T,MAINTAINED,2025-12-07
6383.T,MAINTAINED,2025-12-07
6384.T,MAINTAINED,2025-12-07
6387.T,MAINTAINED,2025-12-07
6392.T,MAINTAINED,2025-12-07
6393.T,MAINTAINED,2025-12-07
6396.T,MAINTAINED,2025-12-07
6400.T,MAINTAINED,2025-12-07
6402.T,MAINTAINED,2025-12-07
6403.T,MAINTAINED,2025-12-07
6407.T,MAINTAINED,2025-12-07
6408.T,MAINTAINED,2025-12-07
6411.T,MAINTAINED,2025-12-07
6416.T,MAINTAINED,2025-12-07
6417.T,MAINTAINED,2025-12-07
6418.T,MAINTAINED,2025-12-07
6419.T,MAINTAINED,2025-12-07
6420.T,MAINTAINED,2025-12-07
6430.T,MAINTAINED,2025-12-07
6432.T,MAINTAINED,2025-12-07
6433.T,MAINTAINED,2025-12-07
6436.T,MAINTAINED,2025-12-07
6440.T,MAINTAINED,2025-12-07
6445.T,MAINTAINED,2025-12-07
6448.T,MAINTAINED,2025-12-07
6454.T,MAINTAINED,2025-12-07
6455.T,MAINTAINED,2025-12-07
6457.T,MAINTAINED,2025-12-07
6458.T,MAINTAINED,2025-12-07
6463.T,MAINTAINED,2025-12-07
6466.T,MAINTAINED,2025-12-07
6469.T,MAINTAINED,2025-12-07
6470.T,MAINTAINED,2025-12-07
6471.T,MAINTAINED,2025-12-07
6472.T,MAINTAINED,2025-12-07
6473.T,MAINTAINED,2025-12-07
6474.T,MAINTAINED,2025-12-07
6479.T,MAINTAINED,2025-12-07
6480.T,MAINTAINED,2025-12-07
6481.T,MAINTAINED,2025-12-07
6482.T,MAINTAINED,2025-12-07
6484.T,MAINTAINED,2025-12-07
6485.T,MAINTAINED,2025-12-07
6486.T,MAINTAINED,2025-12-07
6488.T,MAINTAINED,2025-12-07
6489.T,MAINTAINED,2025-12-07
6490.T,MAINTAINED,2025-12-07
6492.T,MAINTAINED,2025-12-07
6493.T,MAINTAINED,2025-12-07
6494.T,MAINTAINED,2025-12-07
6495.T,MAINTAINED,2025-12-07
6496.T,MAINTAINED,2025-12-07
6497.T,MAINTAINED,2025-12-07
6498.T,MAINTAINED,2025-12-07
6501.T,MAINTAINED,2025-12-07
6503.T,MAINTAINED,2025-12-07
6504.T,MAINTAINED,2025-12-07
6505.T,MAINTAINED,2025-12-07
6506.T,MAINTAINED,2025-12-07
6507.T,MAINTAINED,2025-12-07
6508.T,MAINTAINED,2025-12-07
6513.T,MAINTAINED,2025-12-07
6516.T,MAINTAINED,2025-12-07
6517.T,MAINTAINED,2025-12-07
6518.T,MAINTAINED,2025-12-07
6523.T,MAINTAINED,2025-12-07
6524.T,MAINTAINED,2025-12-07
6525.T,MAINTAINED,2025-12-07
6527.T,MAINTAINED,2025-12-07
6533.T,MAINTAINED,2025-12-07
6538.T,MAINTAINED,2025-12-07
6539.T,MAINTAINED,2025-12-07
6540.T,MAINTAINED,2025-12-07
6542.T,MAINTAINED,2025-12-07
6543.T,MAINTAINED,2025-12-07
6544.T,MAINTAINED,2025-12-07
6545.T,MAINTAINED,2025-12-07
6546.T,MAINTAINED,2025-12-07
6549.T,MAINTAINED,2025-12-07
6551.T,MAINTAINED,2025-12-07
6554.T,MAINTAINED,2025-12-07
6555.T,MAINTAINED,2025-12-07
6565.T,MAINTAINED,2025-12-07
6566.T,MAINTAINED,2025-12-07
6568.T,MAINTAINED,2025-12-07
6570.T,MAINTAINED,2025-12-07
6571.T,MAINTAINED,2025-12-07
6574.T,MAINTAINED,2025-12-07
6578.T,MAINTAINED,2025-12-07
6580.T,MAINTAINED,2025-12-07
6584.T,MAINTAINED,2025-12-07
6590.T,MAINTAINED,2025-12-07
6592.T,MAINTAINED,2025-12-07
6596.T,MAINTAINED,2025-12-07
6597.T,MAINTAINED,2025-12-07
6599.T,MAINTAINED,2025-12-07
6613.T,MAINTAINED,2025-12-07
6616.T,MAINTAINED,2025-12-07
6617.T,MAINTAINED,2025-12-07
6622.T,MAINTAINED,2025-12-07
6625.T,MAINTAINED,2025-12-07
6626.T,MAINTAINED,2025-12-07
6627.T,MAINTAINED,2025-12-07
6629.T,MAINTAINED,2025-12-07
6633.T,MAINTAINED,2025-12-07
6635.T,MAINTAINED,2025-12-07
6637.T,MAINTAINED,2025-12-07
6643.T,MAINTAINED,2025-12-07
6644.T,MAINTAINED,2025-12-07
6647.T,MAINTAINED,2025-12-07
6648.T,MAINTAINED,2025-12-07
6651.T,MAINTAINED,2025-12-07
6652.T,MAINTAINED,2025-12-07
6653.T,MAINTAINED,2025-12-07
6654.T,MAINTAINED,2025-12-07
6658.T,MAINTAINED,2025-12-07
6662.T,MAINTAINED,2025-12-07
6664.T,MAINTAINED,2025-12-07
6666.T,MAINTAINED,2025-12-07
6670.T,MAINTAINED,2025-12-07
6674.T,MAINTAINED,2025-12-07
6675.T,MAINTAINED,2025-12-07
6676.T,MAINTAINED,2025-12-07
6677.T,MAINTAINED,2025-12-07
6678.T,MAINTAINED,2025-12-07
6695.T,MAINTAINED,2025-12-07
6699.T,MAINTAINED,2025-12-07
6701.T,MAINTAINED,2025-12-07
6702.T,MAINTAINED,2025-12-07
6703.T,MAINTAINED,2025-12-07
6706.T,MAINTAINED,2025-12-07
6718.T,MAINTAINED,2025-12-07
6723.T,MAINTAINED,2025-12-07
6727.T,MAINTAINED,2025-12-07
6728.T,MAINTAINED,2025-12-07
6730.T,MAINTAINED,2025-12-07
6734.T,MAINTAINED,2025-12-07
6736.T,MAINTAINED,2025-12-07
6737.T,MAINTAINED,2025-12-07
6740.T,MAINTAINED,2025-12-07
6741.T,MAINTAINED,2025-12-07
6742.T,MAINTAINED,2025-12-07
6743.T,MAINTAINED,2025-12-07
6744.T,MAINTAINED,2025-12-07
6745.T,MAINTAINED,2025-12-07
6748.T,MAINTAINED,2025-12-07
6750.T,MAINTAINED,2025-12-07
6752.T,MAINTAINED,2025-12-07
6754.T,MAINTAINED,2025-12-07
6757.T,MAINTAINED,2025-12-07
6758.T,MAINTAINED,2025-12-07
6762.T,MAINTAINED,2025-12-07
6763.T,MAINTAINED,2025-12-07
6768.T,MAINTAINED,2025-12-07
6770.T,MAINTAINED,2025-12-07
6772.T,MAINTAINED,2025-12-07
6777.T,MAINTAINED,2025-12-07
6778.T,MAINTAINED,2025-12-07
6779.T,MAINTAINED,2025-12-07
6785.T,MAINTAINED,2025-12-07
6787.T,MAINTAINED,2025-12-07
6788.T,MAINTAINED,2025-12-07
6794.T,MAINTAINED,2025-12-07
6797.T,MAINTAINED,2025-12-07
6798.T,MAINTAINED,2025-12-07
6800.T,MAINTAINED,2025-12-07
6803.T,MAINTAINED,2025-12-07
6804.T,MAINTAINED,2025-12-07
6809.T,MAINTAINED,2025-12-07
6810.T,MAINTAINED,2025-12-07
6814.T,MAINTAINED,2025-12-07
6817.T,MAINTAINED,2025-12-07
6822.T,MAINTAINED,2025-12-07
6824.T,MAINTAINED,2025-12-07
6832.T,MAINTAINED,2025-12-07
6834.T,MAINTAINED,2025-12-07
6835.T,MAINTAINED,2025-12-07
6838.T,MAINTAINED,2025-12-07
6840.T,MAINTAINED,2025-12-07
6841.T,MAINTAINED,2025-12-07
6844.T,MAINTAINED,2025-12-07
6845.T,MAINTAINED,2025-12-07
6848.T,MAINTAINED,2025-12-07
6850.T,MAINTAINED,2025-12-07
6853.T,MAINTAINED,2025-12-07
6855.T,MAINTAINED,2025-12-07
6856.T,MAINTAINED,2025-12-07
6857.T,MAINTAINED,2025-12-07
6858.T,MAINTAINED,2025-12-07
6859.T,MAINTAINED,2025-12-07
6862.T,MAINTAINED,2025-12-07
6863.T,MAINTAINED,2025-12-07
6867.T,MAINTAINED,2025-12-07
6870.T,MAINTAINED,2025-12-07
6871.T,MAINTAINED,2025-12-07
6874.T,MAINTAINED,2025-12-07
6875.T,MAINTAINED,2025-12-07
6877.T,MAINTAINED,2025-12-07
6882.T,MAINTAINED,2025-12-07
6890.T,MAINTAINED,2025-12-07
6894.T,MAINTAINED,2025-12-07
6898.T,MAINTAINED,2025-12-07
6899.T,MAINTAINED,2025-12-07
6901.T,MAINTAINED,2025-12-07
6905.T,MAINTAINED,2025-12-07
6907.T,MAINTAINED,2025-12-07
6908.T,MAINTAINED,2025-12-07
6912.T,MAINTAINED,2025-12-07
6914.T,MAINTAINED,2025-12-07
6915.T,MAINTAINED,2025-12-07
6918.T,MAINTAINED,2025-12-07
6919.T,MAINTAINED,2025-12-07
6920.T,MAINTAINED,2025-12-07
6923.T,MAINTAINED,2025-12-07
6925.T,MAINTAINED,2025-12-07
6927.T,MAINTAINED,2025-12-07
6928.T,MAINTAINED,2025-12-07
6929.T,MAINTAINED,2025-12-07
6930.T,MAINTAINED,2025-12-07
6932.T,MAINTAINED,2025-12-07
6937.T,MAINTAINED,2025-12-07
6941.T,MAINTAINED,2025-12-07
6942.T,MAINTAINED,2025-12-07
6943.T,MAINTAINED,2025-12-07
6946.T,MAINTAINED,2025-12-07
6951.T,MAINTAINED,2025-12-07
6952.T,MAINTAINED,2025-12-07
6954.T,MAINTAINED,2025-12-07
6957.T,MAINTAINED,2025-12-07
6958.T,MAINTAINED,2025-12-07
6960.T,MAINTAINED,2025-12-07
6961.T,MAINTAINED,2025-12-07
6963.T,MAINTAINED,2025-12-07
6964.T,MAINTAINED,2025-12-07
6966.T,MAINTAINED,2025-12-07
6969.T,MAINTAINED,2025-12-07
6971.T,MAINTAINED,2025-12-07
6973.T,MAINTAINED,2025-12-07
6976.T,MAINTAINED,2025-12-07
6977.T,MAINTAINED,2025-12-07
6981.T,MAINTAINED,2025-12-07
6986.T,MAINTAINED,2025-12-07
6988.T,MAINTAINED,2025-12-07
6989.T,MAINTAINED,2025-12-07
6993.T,MAINTAINED,2025-12-07
6994.T,MAINTAINED,2025-12-07
6995.T,MAINTAINED,2025-12-07
6996.T,MAINTAINED,2025-12-07
6997.T,MAINTAINED,2025-12-07
6998.T,MAINTAINED,2025-12-07
6999.T,MAINTAINED,2025-12-07
7003.T,MAINTAINED,2025-12-07
7011.T,MAINTAINED,2025-12-07
7012.T,MAINTAINED,2025-12-07
7013.T,MAINTAINED,2025-12-07
7014.T,MAINTAINED,2025-12-07
7018.T,MAINTAINED,2025-12-07
7021.T,MAINTAINED,2025-12-07
7022.T,MAINTAINED,2025-12-07
7030.T,MAINTAINED,2025-12-07
7034.T,MAINTAINED,2025-12-07
7036.T,MAINTAINED,2025-12-07
7037.T,MAINTAINED,2025-12-07
7039.T,MAINTAINED,2025-12-07
7040.T,MAINTAINED,2025-12-07
7041.T,MAINTAINED,2025-12-07
7042.T,MAINTAINED,2025-12-07
7043.T,MAINTAINED,2025-12-07
7044.T,MAINTAINED,2025-12-07
7046.T,MAINTAINED,2025-12-07
7047.T,MAINTAINED,2025-12-07
7049.T,MAINTAINED,2025-12-07
7050.T,MAINTAINED,2025-12-07
7056.T,MAINTAINED,2025-12-07
7058.T,MAINTAINED,2025-12-07
7060.T,MAINTAINED,2025-12-07
7064.T,MAINTAINED,2025-12-07
7067.T,MAINTAINED,2025-12-07
7068.T,MAINTAINED,2025-12-07
7069.T,MAINTAINED,2025-12-07
7072.T,MAINTAINED,2025-12-07
7073.T,MAINTAINED,2025-12-07
7077.T,MAINTAINED,2025-12-07
7080.T,MAINTAINED,2025-12-07
7081.T,MAINTAINED,2025-12-07
7084.T,MAINTAINED,2025-12-07
7085.T,MAINTAINED,2025-12-07
7087.T,MAINTAINED,2025-12-07
7088.T,MAINTAINED,2025-12-07
7089.T,MAINTAINED,2025-12-07
7091.T,MAINTAINED,2025-12-07
7092.T,MAINTAINED,2025-12-07
7097.T,MAINTAINED,2025-12-07
7098.T,MAINTAINED,2025-12-07
7102.T,MAINTAINED,2025-12-07
7110.T,MAINTAINED,2025-12-07
7112.T,MAINTAINED,2025-12-07
7113.T,MAINTAINED,2025-12-07
7117.T,MAINTAINED,2025-12-07
7119.T,MAINTAINED,2025-12-07
7120.T,MAINTAINED,2025-12-07
7122.T,MAINTAINED,2025-12-07
7125.T,MAINTAINED,2025-12-07
7129.T,MAINTAINED,2025-12-07
7131.T,MAINTAINED,2025-12-07
7132.T,MAINTAINED,2025-12-07
7134.T,MAINTAINED,2025-12-07
7135.T,MAINTAINED,2025-12-07
7136.T,MAINTAINED,2025-12-07
7137.T,MAINTAINED,2025-12-07
7139.T,MAINTAINED,2025-12-07
7150.T,MAINTAINED,2025-12-07
7161.T,MAINTAINED,2025-12-07
7167.T,MAINTAINED,2025-12-07
7170.T,MAINTAINED,2025-12-07
7172.T,MAINTAINED,2025-12-07
7173.T,MAINTAINED,2025-12-07
7175.T,MAINTAINED,2025-12-07
7177.T,MAINTAINED,2025-12-07
7180.T,MAINTAINED,2025-12-07
7181.T,MAINTAINED,2025-12-07
7182.T,MAINTAINED,2025-12-07
7184.T,MAINTAINED,2025-12-07
7186.T,MAINTAINED,2025-12-07
7187.T,MAINTAINED,2025-12-07
7189.T,MAINTAINED,2025-12-07
7191.T,MAINTAINED,2025-12-07
7192.T,MAINTAINED,2025-12-07
7198.T,MAINTAINED,2025-12-07
7202.T,MAINTAINED,2025-12-07
7203.T,MAINTAINED,2025-12-07
7208.T,MAINTAINED,2025-12-07
7212.T,MAINTAINED,2025-12-07
7218.T,MAINTAINED,2025-12-07
7219.T,MAINTAINED,2025-12-07
7224.T,MAINTAINED,2025-12-07
7226.T,MAINTAINED,2025-12-07
7228.T,MAINTAINED,2025-12-07
7229.T,MAINTAINED,2025-12-07
7231.T,MAINTAINED,2025-12-07
7235.T,MAINTAINED,2025-12-07
7236.T,MAINTAINED,2025-12-07
7239.T,MAINTAINED,2025-12-07
7240.T,MAINTAINED,2025-12-07
7241.T,MAINTAINED,2025-12-07
7242.T,MAINTAINED,2025-12-07
7244.T,MAINTAINED,2025-12-07
7245.T,MAINTAINED,2025-12-07
7246.T,MAINTAINED,2025-12-07
7247.T,MAINTAINED,2025-12-07
7250.T,MAINTAINED,2025-12-07
7254.T,MAINTAINED,2025-12-07
7255.T,MAINTAINED,2025-12-07
7256.T,MAINTAINED,2025-12-07
7259.T,MAINTAINED,2025-12-07
7261.T,MAINTAINED,2025-12-07
7264.T,MAINTAINED,2025-12-07
7265.T,MAINTAINED,2025-12-07
7266.T,MAINTAINED,2025-12-07
7267.T,MAINTAINED,2025-12-07
7269.T,MAINTAINED,2025-12-07
7270.T,MAINTAINED,2025-12-07
7271.T,MAINTAINED,2025-12-07
7273.T,MAINTAINED,2025-12-07
7276.T,MAINTAINED,2025-12-07
7277.T,MAINTAINED,2025-12-07
7278.T,MAINTAINED,2025-12-07
7279.T,MAINTAINED,2025-12-07
7280.T,MAINTAINED,2025-12-07
7282.T,MAINTAINED,2025-12-07
7283.T,MAINTAINED,2025-12-07
7284.T,MAINTAINED,2025-12-07
7287.T,MAINTAINED,2025-12-07
7291.T,MAINTAINED,2025-12-07
7292.T,MAINTAINED,2025-12-07
7296.T,MAINTAINED,2025-12-07
7299.T,MAINTAINED,2025-12-07
7313.T,MAINTAINED,2025-12-07
7314.T,MAINTAINED,2025-12-07
7317.T,MAINTAINED,2025-12-07
7318.T,MAINTAINED,2025-12-07
7322.T,MAINTAINED,2025-12-07
7325.T,MAINTAINED,2025-12-07
7326.T,MAINTAINED,2025-12-07
7327.T,MAINTAINED,2025-12-07
7337.T,MAINTAINED,2025-12-07
7343.T,MAINTAINED,2025-12-07
7345.T,MAINTAINED,2025-12-07
7347.T,MAINTAINED,2025-12-07
7350.T,MAINTAINED,2025-12-07
7354.T,MAINTAINED,2025-12-07
7355.T,MAINTAINED,2025-12-07
7357.T,MAINTAINED,2025-12-07
7358.T,MAINTAINED,2025-12-07
7361.T,MAINTAINED,2025-12-07
7363.T,MAINTAINED,2025-12-07
7364.T,MAINTAINED,2025-12-07
7366.T,MAINTAINED,2025-12-07
7367.T,MAINTAINED,2025-12-07
7368.T,MAINTAINED,2025-12-07
7370.T,MAINTAINED,2025-12-07
7371.T,MAINTAINED,2025-12-07
7372.T,MAINTAINED,2025-12-07
7373.T,MAINTAINED,2025-12-07
7374.T,MAINTAINED,2025-12-07
7376.T,MAINTAINED,2025-12-07
7377.T,MAINTAINED,2025-12-07
7380.T,MAINTAINED,2025-12-07
7381.T,MAINTAINED,2025-12-07
7384.T,MAINTAINED,2025-12-07
7389.T,MAINTAINED,2025-12-07
7399.T,MAINTAINED,2025-12-07
7409.T,MAINTAINED,2025-12-07
7413.T,MAINTAINED,2025-12-07
7416.T,MAINTAINED,2025-12-07
7417.T,MAINTAINED,2025-12-07
7419.T,MAINTAINED,2025-12-07
7420.T,MAINTAINED,2025-12-07
7421.T,MAINTAINED,2025-12-07
7422.T,MAINTAINED,2025-12-07
7425.T,MAINTAINED,2025-12-07
7427.T,MAINTAINED,2025-12-07
7434.T,MAINTAINED,2025-12-07
7435.T,MAINTAINED,2025-12-07
7438.T,MAINTAINED,2025-12-07
7442.T,MAINTAINED,2025-12-07
7443.T,MAINTAINED,2025-12-07
7444.T,MAINTAINED,2025-12-07
7445.T,MAINTAINED,2025-12-07
7446.T,MAINTAINED,2025-12-07
7453.T,MAINTAINED,2025-12-07
7455.T,MAINTAINED,2025-12-07
7456.T,MAINTAINED,2025-12-07
7459.T,MAINTAINED,2025-12-07
7460.T,MAINTAINED,2025-12-07
7461.T,MAINTAINED,2025-12-07
7462.T,MAINTAINED,2025-12-07
7466.T,MAINTAINED,2025-12-07
7467.T,MAINTAINED,2025-12-07
7472.T,MAINTAINED,2025-12-07
7477.T,MAINTAINED,2025-12-07
7481.T,MAINTAINED,2025-12-07
7482.T,MAINTAINED,2025-12-07
7483.T,MAINTAINED,2025-12-07
7486.T,MAINTAINED,2025-12-07
7487.T,MAINTAINED,2025-12-07
7490.T,MAINTAINED,2025-12-07
7494.T,MAINTAINED,2025-12-07
7500.T,MAINTAINED,2025-12-07
7501.T,MAINTAINED,2025-12-07
7502.T,MAINTAINED,2025-12-07
7504.T,MAINTAINED,2025-12-07
7505.T,MAINTAINED,2025-12-07
7508.T,MAINTAINED,2025-12-07
7509.T,MAINTAINED,2025-12-07
7510.T,MAINTAINED,2025-12-07
7512.T,MAINTAINED,2025-12-07
7513.T,MAINTAINED,2025-12-07
7515.T,MAINTAINED,2025-12-07
7516.T,MAINTAINED,2025-12-07
7520.T,MAINTAINED,2025-12-07
7521.T,MAINTAINED,2025-12-07
7523.T,MAINTAINED,2025-12-07
7524.T,MAINTAINED,2025-12-07
7525.T,MAINTAINED,2025-12-07
7532.T,MAINTAINED,2025-12-07
7537.T,MAINTAINED,2025-12-07
7538.T,MAINTAINED,2025-12-07
7539.T,MAINTAINED,2025-12-07
7544.T,MAINTAINED,2025-12-07
7545.T,MAINTAINED,2025-12-07
7550.T,MAINTAINED,2025-12-07
7551.T,MAINTAINED,2025-12-07
7552.T,MAINTAINED,2025-12-07
7554.T,MAINTAINED,2025-12-07
7561.T,MAINTAINED,2025-12-07
7562.T,MAINTAINED,2025-12-07
7564.T,MAINTAINED,2025-12-07
7565.T,MAINTAINED,2025-12-07
7567.T,MAINTAINED,2025-12-07
7570.T,MAINTAINED,2025-12-07
7571.T,MAINTAINED,2025-12-07
7575.T,MAINTAINED,2025-12-07
7581.T,MAINTAINED,2025-12-07
7585.T,MAINTAINED,2025-12-07
7593.T,MAINTAINED,2025-12-07
7595.T,MAINTAINED,2025-12-07
7599.T,MAINTAINED,2025-12-07
7605.T,MAINTAINED,2025-12-07
7606.T,MAINTAINED,2025-12-07
7607.T,MAINTAINED,2025-12-07
7608.T,MAINTAINED,2025-12-07
7609.T,MAINTAINED,2025-12-07
7611.T,MAINTAINED,2025-12-07
7613.T,MAINTAINED,2025-12-07
7614.T,MAINTAINED,2025-12-07
7615.T,MAINTAINED,2025-12-07
7619.T,MAINTAINED,2025-12-07
7624.T,MAINTAINED,2025-12-07
7625.T,MAINTAINED,2025-12-07
7628.T,MAINTAINED,2025-12-07
7634.T,MAINTAINED,2025-12-07
7635.T,MAINTAINED,2025-12-07
7638.T,MAINTAINED,2025-12-07
7640.T,MAINTAINED,2025-12-07
7643.T,MAINTAINED,2025-12-07
7646.T,MAINTAINED,2025-12-07
7649.T,MAINTAINED,2025-12-07
7670.T,MAINTAINED,2025-12-07
7673.T,MAINTAINED,2025-12-07
7677.T,MAINTAINED,2025-12-07
7678.T,MAINTAINED,2025-12-07
7679.T,MAINTAINED,2025-12-07
7680.T,MAINTAINED,2025-12-07
7683.T,MAINTAINED,2025-12-07
7685.T,MAINTAINED,2025-12-07
7690.T,MAINTAINED,2025-12-07
7693.T,MAINTAINED,2025-12-07
7698.T,MAINTAINED,2025-12-07
7701.T,MAINTAINED,2025-12-07
7711.T,MAINTAINED,2025-12-07
7713.T,MAINTAINED,2025-12-07
7715.T,MAINTAINED,2025-12-07
7717.T,MAINTAINED,2025-12-07
7718.T,MAINTAINED,2025-12-07
7719.T,MAINTAINED,2025-12-07
7721.T,MAINTAINED,2025-12-07
7722.T,MAINTAINED,2025-12-07
7723.T,MAINTAINED,2025-12-07
7725.T,MAINTAINED,2025-12-07
7727.T,MAINTAINED,2025-12-07
7729.T,MAINTAINED,2025-12-07
7730.T,MAINTAINED,2025-12-07
7731.T,MAINTAINED,2025-12-07
7732.T,MAINTAINED,2025-12-07
7733.T,MAINTAINED,2025-12-07
7735.T,MAINTAINED,2025-12-07
7739.T,MAINTAINED,2025-12-07
7740.T,MAINTAINED,2025-12-07
7741.T,MAINTAINED,2025-12-07
7743.T,MAINTAINED,2025-12-07
7744.T,MAINTAINED,2025-12-07
7746.T,MAINTAINED,2025-12-07
7747.T,MAINTAINED,2025-12-07
7749.T,MAINTAINED,2025-12-07
7751.T,MAINTAINED,2025-12-07
7760.T,MAINTAINED,2025-12-07
7762.T,MAINTAINED,2025-12-07
7769.T,MAINTAINED,2025-12-07
7771.T,MAINTAINED,2025-12-07
7777.T,MAINTAINED,2025-12-07
7780.T,MAINTAINED,2025-12-07
7781.T,MAINTAINED,2025-12-07
7790.T,MAINTAINED,2025-12-07
7791.T,MAINTAINED,2025-12-07
7792.T,MAINTAINED,2025-12-07
7793.T,MAINTAINED,2025-12-07
7795.T,MAINTAINED,2025-12-07
7800.T,MAINTAINED,2025-12-07
7803.T,MAINTAINED,2025-12-07
7804.T,MAINTAINED,2025-12-07
7805.T,MAINTAINED,2025-12-07
7806.T,MAINTAINED,2025-12-07
7808.T,MAINTAINED,2025-12-07
7809.T,MAINTAINED,2025-12-07
7812.T,MAINTAINED,2025-12-07
7813.T,MAINTAINED,2025-12-07
7814.T,MAINTAINED,2025-12-07
7817.T,MAINTAINED,2025-12-07
7819.T,MAINTAINED,2025-12-07
7820.T,MAINTAINED,2025-12-07
7821.T,MAINTAINED,2025-12-07
7822.T,MAINTAINED,2025-12-07
7823.T,MAINTAINED,2025-12-07
7826.T,MAINTAINED,2025-12-07
7827.T,MAINTAINED,2025-12-07
7833.T,MAINTAINED,2025-12-07
7839.T,MAINTAINED,2025-12-07
7840.T,MAINTAINED,2025-12-07
7846.T,MAINTAINED,2025-12-07
7849.T,MAINTAINED,2025-12-07
7850.T,MAINTAINED,2025-12-07
7851.T,MAINTAINED,2025-12-07
7856.T,MAINTAINED,2025-12-07
7864.T,MAINTAINED,2025-12-07
7871.T,MAINTAINED,2025-12-07
7875.T,MAINTAINED,2025-12-07
7877.T,MAINTAINED,2025-12-07
7885.T,MAINTAINED,2025-12-07
7887.T,MAINTAINED,2025-12-07
7888.T,MAINTAINED,2025-12-07
7896.T,MAINTAINED,2025-12-07
7898.T,MAINTAINED,2025-12-07
7902.T,MAINTAINED,2025-12-07
7906.T,MAINTAINED,2025-12-07
7911.T,MAINTAINED,2025-12-07
7912.T,MAINTAINED,2025-12-07
7914.T,MAINTAINED,2025-12-07
7916.T,MAINTAINED,2025-12-07
7917.T,MAINTAINED,2025-12-07
7919.T,MAINTAINED,2025-12-07
7921.T,MAINTAINED,2025-12-07
7922.T,MAINTAINED,2025-12-07
7923.T,MAINTAINED,2025-12-07
7925.T,MAINTAINED,2025-12-07
7927.T,MAINTAINED,2025-12-07
7932.T,MAINTAINED,2025-12-07
7936.T,MAINTAINED,2025-12-07
7937.T,MAINTAINED,2025-12-07
7939.T,MAINTAINED,2025-12-07
7940.T,MAINTAINED,2025-12-07
7942.T,MAINTAINED,2025-12-07
7943.T,MAINTAINED,2025-12-07
7944.T,MAINTAINED,2025-12-07
7946.T,MAINTAINED,2025-12-07
7949.T,MAINTAINED,2025-12-07
7951.T,MAINTAINED,2025-12-07
7955.T,MAINTAINED,2025-12-07
7957.T,MAINTAINED,2025-12-07
7963.T,MAINTAINED,2025-12-07
7965.T,MAINTAINED,2025-12-07
7966.T,MAINTAINED,2025-12-07
7970.T,MAINTAINED,2025-12-07
7971.T,MAINTAINED,2025-12-07
7972.T,MAINTAINED,2025-12-07
7974.T,MAINTAINED,2025-12-07
7975.T,MAINTAINED,2025-12-07
7981.T,MAINTAINED,2025-12-07
7983.T,MAINTAINED,2025-12-07
7984.T,MAINTAINED,2025-12-07
7986.T,MAINTAINED,2025-12-07
7987.T,MAINTAINED,2025-12-07
7988.T,MAINTAINED,2025-12-07
7989.T,MAINTAINED,2025-12-07
7990.T,MAINTAINED,2025-12-07
7992.T,MAINTAINED,2025-12-07
7994.T,MAINTAINED,2025-12-07
7995.T,MAINTAINED,2025-12-07
7997.T,MAINTAINED,2025-12-07
8001.T,MAINTAINED,2025-12-07
8002.T,MAINTAINED,2025-12-07
8005.T,MAINTAINED,2025-12-07
8006.T,MAINTAINED,2025-12-07
8007.T,MAINTAINED,2025-12-07
8011.T,MAINTAINED,2025-12-07
8012.T,MAINTAINED,2025-12-07
8013.T,MAINTAINED,2025-12-07
8014.T,MAINTAINED,2025-12-07
8015.T,MAINTAINED,2025-12-07
8016.T,MAINTAINED,2025-12-07
8018.T,MAINTAINED,2025-12-07
8020.T,MAINTAINED,2025-12-07
8022.T,MAINTAINED,2025-12-07
8023.T,MAINTAINED,2025-12-07
8025.T,MAINTAINED,2025-12-07
8029.T,MAINTAINED,2025-12-07
8031.T,MAINTAINED,2025-12-07
8032.T,MAINTAINED,2025-12-07
8035.T,MAINTAINED,2025-12-07
8037.T,MAINTAINED,2025-12-07
8039.T,MAINTAINED,2025-12-07
8040.T,MAINTAINED,2025-12-07
8041.T,MAINTAINED,2025-12-07
8043.T,MAINTAINED,2025-12-07
8045.T,MAINTAINED,2025-12-07
8046.T,MAINTAINED,2025-12-07
8050.T,MAINTAINED,2025-12-07
8051.T,MAINTAINED,2025-12-07
8052.T,MAINTAINED,2025-12-07
8053.T,MAINTAINED,2025-12-07
8056.T,MAINTAINED,2025-12-07
8057.T,MAINTAINED,2025-12-07
8058.T,MAINTAINED,2025-12-07
8059.T,MAINTAINED,2025-12-07
8060.T,MAINTAINED,2025-12-07
8061.T,MAINTAINED,2025-12-07
8065.T,MAINTAINED,2025-12-07
8066.T,MAINTAINED,2025-12-07
8070.T,MAINTAINED,2025-12-07
8074.T,MAINTAINED,2025-12-07
8075.T,MAINTAINED,2025-12-07
8076.T,MAINTAINED,2025-12-07
8077.T,MAINTAINED,2025-12-07
8078.T,MAINTAINED,2025-12-07
8081.T,MAINTAINED,2025-12-07
8084.T,MAINTAINED,2025-12-07
8085.T,MAINTAINED,2025-12-07
8086.T,MAINTAINED,2025-12-07
8088.T,MAINTAINED,2025-12-07
8089.T,MAINTAINED,2025-12-07
8091.T,MAINTAINED,2025-12-07
8093.T,MAINTAINED,2025-12-07
8097.T,MAINTAINED,2025-12-07
8098.T,MAINTAINED,2025-12-07
8101.T,MAINTAINED,2025-12-07
8103.T,MAINTAINED,2025-12-07
8104.T,MAINTAINED,2025-12-07
8105.T,MAINTAINED,2025-12-07
8111.T,MAINTAINED,2025-12-07
8115.T,MAINTAINED,2025-12-07
8117.T,MAINTAINED,2025-12-07
8118.T,MAINTAINED,2025-12-07
8123.T,MAINTAINED,2025-12-07
8125.T,MAINTAINED,2025-12-07
8127.T,MAINTAINED,2025-12-07
8130.T,MAINTAINED,2025-12-07
8131.T,MAINTAINED,2025-12-07
8133.T,MAINTAINED,2025-12-07
8135.T,MAINTAINED,2025-12-07
8137.T,MAINTAINED,2025-12-07
8138.T,MAINTAINED,2025-12-07
8139.T,MAINTAINED,2025-12-07
8141.T,MAINTAINED,2025-12-07
8142.T,MAINTAINED,2025-12-07
8144.T,MAINTAINED,2025-12-07
8150.T,MAINTAINED,2025-12-07
8151.T,MAINTAINED,2025-12-07
8153.T,MAINTAINED,2025-12-07
8154.T,MAINTAINED,2025-12-07
8157.T,MAINTAINED,2025-12-07
8159.T,MAINTAINED,2025-12-07
8160.T,MAINTAINED,2025-12-07
8173.T,MAINTAINED,2025-12-07
8174.T,MAINTAINED,2025-12-07
8179.T,MAINTAINED,2025-12-07
8181.T,MAINTAINED,2025-12-07
8194.T,MAINTAINED,2025-12-07
8198.T,MAINTAINED,2025-12-07
8200.T,MAINTAINED,2025-12-07
8203.T,MAINTAINED,2025-12-07
8207.T,MAINTAINED,2025-12-07
8214.T,MAINTAINED,2025-12-07
8218.T,MAINTAINED,2025-12-07
8219.T,MAINTAINED,2025-12-07
8225.T,MAINTAINED,2025-12-07
8226.T,MAINTAINED,2025-12-07
8227.T,MAINTAINED,2025-12-07
8230.T,MAINTAINED,2025-12-07
8233.T,MAINTAINED,2025-12-07
8237.T,MAINTAINED,2025-12-07
8252.T,MAINTAINED,2025-12-07
8253.T,MAINTAINED,2025-12-07
8255.T,MAINTAINED,2025-12-07
8260.T,MAINTAINED,2025-12-07
8267.T,MAINTAINED,2025-12-07
8276.T,MAINTAINED,2025-12-07
8282.T,MAINTAINED,2025-12-07
8283.T,MAINTAINED,2025-12-07
8285.T,MAINTAINED,2025-12-07
8291.T,MAINTAINED,2025-12-07
8304.T,MAINTAINED,2025-12-07
8306.T,MAINTAINED,2025-12-07
8308.T,MAINTAINED,2025-12-07
8309.T,MAINTAINED,2025-12-07
8316.T,MAINTAINED,2025-12-07
8331.T,MAINTAINED,2025-12-07
8334.T,MAINTAINED,2025-12-07
8336.T,MAINTAINED,2025-12-07
8337.T,MAINTAINED,2025-12-07
8338.T,MAINTAINED,2025-12-07
8341.T,MAINTAINED,2025-12-07
8343.T,MAINTAINED,2025-12-07
8344.T,MAINTAINED,2025-12-07
8345.T,MAINTAINED,2025-12-07
8346.T,MAINTAINED,2025-12-07
8349.T,MAINTAINED,2025-12-07
8354.T,MAINTAINED,2025-12-07
8358.T,MAINTAINED,2025-12-07
8359.T,MAINTAINED,2025-12-07
8360.T,MAINTAINED,2025-12-07
8361.T,MAINTAINED,2025-12-07
8362.T,MAINTAINED,2025-12-07
8364.T,MAINTAINED,2025-12-07
8365.T,MAINTAINED,2025-12-07
8366.T,MAINTAINED,2025-12-07
8367.T,MAINTAINED,2025-12-07
8368.T,MAINTAINED,2025-12-07
8370.T,MAINTAINED,2025-12-07
8377.T,MAINTAINED,2025-12-07
8381.T,MAINTAINED,2025-12-07
8383.T,MAINTAINED,2025-12-07
8386.T,MAINTAINED,2025-12-07
8387.T,MAINTAINED,2025-12-07
8388.T,MAINTAINED,2025-12-07
8392.T,MAINTAINED,2025-12-07
8393.T,MAINTAINED,2025-12-07
8395.T,MAINTAINED,2025-12-07
8399.T,MAINTAINED,2025-12-07
8410.T,MAINTAINED,2025-12-07
8411.T,MAINTAINED,2025-12-07
8416.T,MAINTAINED,2025-12-07
8418.T,MAINTAINED,2025-12-07
8424.T,MAINTAINED,2025-12-07
8425.T,MAINTAINED,2025-12-07
8439.T,MAINTAINED,2025-12-07
8473.T,MAINTAINED,2025-12-07
8511.T,MAINTAINED,2025-12-07
8515.T,MAINTAINED,2025-12-07
8522.T,MAINTAINED,2025-12-07
8524.T,MAINTAINED,2025-12-07
8537.T,MAINTAINED,2025-12-07
8541.T,MAINTAINED,2025-12-07
8542.T,MAINTAINED,2025-12-07
8544.T,MAINTAINED,2025-12-07
8550.T,MAINTAINED,2025-12-07
8551.T,MAINTAINED,2025-12-07
8558.T,MAINTAINED,2025-12-07
8562.T,MAINTAINED,2025-12-07
8563.T,MAINTAINED,2025-12-07
8566.T,MAINTAINED,2025-12-07
8570.T,MAINTAINED,2025-12-07
8572.T,MAINTAINED,2025-12-07
8584.T,MAINTAINED,2025-12-07
8585.T,MAINTAINED,2025-12-07
8591.T,MAINTAINED,2025-12-07
8593.T,MAINTAINED,2025-12-07
8596.T,MAINTAINED,2025-12-07
8600.T,MAINTAINED,2025-12-07
8601.T,MAINTAINED,2025-12-07
8604.T,MAINTAINED,2025-12-07
8609.T,MAINTAINED,2025-12-07
8613.T,MAINTAINED,2025-12-07
8614.T,MAINTAINED,2025-12-07
8616.T,MAINTAINED,2025-12-07
8617.T,MAINTAINED,2025-12-07
8624.T,MAINTAINED,2025-12-07
8628.T,MAINTAINED,2025-12-07
8630.T,MAINTAINED,2025-12-07
8697.T,MAINTAINED,2025-12-07
8699.T,MAINTAINED,2025-12-07
8700.T,MAINTAINED,2025-12-07
8705.T,MAINTAINED,2025-12-07
8706.T,MAINTAINED,2025-12-07
8707.T,MAINTAINED,2025-12-07
8713.T,MAINTAINED,2025-12-07
8714.T,MAINTAINED,2025-12-07
8715.T,MAINTAINED,2025-12-07
8725.T,MAINTAINED,2025-12-07
8737.T,MAINTAINED,2025-12-07
8742.T,MAINTAINED,2025-12-07
8747.T,MAINTAINED,2025-12-07
8750.T,MAINTAINED,2025-12-07
8771.T,MAINTAINED,2025-12-07
8772.T,MAINTAINED,2025-12-07
8789.T,MAINTAINED,2025-12-07
8793.T,MAINTAINED,2025-12-07
8795.T,MAINTAINED,2025-12-07
8801.T,MAINTAINED,2025-12-07
8802.T,MAINTAINED,2025-12-07
8804.T,MAINTAINED,2025-12-07
8818.T,MAINTAINED,2025-12-07
8830.T,MAINTAINED,2025-12-07
8835.T,MAINTAINED,2025-12-07
8841.T,MAINTAINED,2025-12-07
8848.T,MAINTAINED,2025-12-07
8850.T,MAINTAINED,2025-12-07
8860.T,MAINTAINED,2025-12-07
8864.T,MAINTAINED,2025-12-07
8869.T,MAINTAINED,2025-12-07
8871.T,MAINTAINED,2025-12-07
8877.T,MAINTAINED,2025-12-07
8881.T,MAINTAINED,2025-12-07
8887.T,MAINTAINED,2025-12-07
8891.T,MAINTAINED,2025-12-07
8904.T,MAINTAINED,2025-12-07
8908.T,MAINTAINED,2025-12-07
8917.T,MAINTAINED,2025-12-07
8918.T,MAINTAINED,2025-12-07
8919.T,MAINTAINED,2025-12-07
8920.T,MAINTAINED,2025-12-07
8921.T,MAINTAINED,2025-12-07
8923.T,MAINTAINED,2025-12-07
8927.T,MAINTAINED,2025-12-07
8928.T,MAINTAINED,2025-12-07
8931.T,MAINTAINED,2025-12-07
8934.T,MAINTAINED,2025-12-07
8935.T,MAINTAINED,2025-12-07
8944.T,MAINTAINED,2025-12-07
8945.T,MAINTAINED,2025-12-07
8951.T,MAINTAINED,2025-12-07
8952.T,MAINTAINED,2025-12-07
8953.T,MAINTAINED,2025-12-07
8954.T,MAINTAINED,2025-12-07
8955.T,MAINTAINED,2025-12-07
8956.T,MAINTAINED,2025-12-07
8957.T,MAINTAINED,2025-12-07
8958.T,MAINTAINED,2025-12-07
8960.T,MAINTAINED,2025-12-07
8961.T,MAINTAINED,2025-12-07
8963.T,MAINTAINED,2025-12-07
8964.T,MAINTAINED,2025-12-07
8966.T,MAINTAINED,2025-12-07
8967.T,MAINTAINED,2025-12-07
8968.T,MAINTAINED,2025-12-07
8972.T,MAINTAINED,2025-12-07
8975.T,MAINTAINED,2025-12-07
8976.T,MAINTAINED,2025-12-07
8977.T,MAINTAINED,2025-12-07
8979.T,MAINTAINED,2025-12-07
8984.T,MAINTAINED,2025-12-07
8985.T,MAINTAINED,2025-12-07
8986.T,MAINTAINED,2025-12-07
8987.T,MAINTAINED,2025-12-07
8995.T,MAINTAINED,2025-12-07
8996.T,MAINTAINED,2025-12-07
8999.T,MAINTAINED,2025-12-07
9001.T,MAINTAINED,2025-12-07
9003.T,MAINTAINED,2025-12-07
9005.T,MAINTAINED,2025-12-07
9006.T,MAINTAINED,2025-12-07
9007.T,MAINTAINED,2025-12-07
9008.T,MAINTAINED,2025-12-07
9012.T,MAINTAINED,2025-12-07
9017.T,MAINTAINED,2025-12-07
9020.T,MAINTAINED,2025-12-07
9022.T,MAINTAINED,2025-12-07
9024.T,MAINTAINED,2025-12-07
9028.T,MAINTAINED,2025-12-07
9029.T,MAINTAINED,2025-12-07
9031.T,MAINTAINED,2025-12-07
9034.T,MAINTAINED,2025-12-07
9036.T,MAINTAINED,2025-12-07
9037.T,MAINTAINED,2025-12-07
9039.T,MAINTAINED,2025-12-07
9044.T,MAINTAINED,2025-12-07
9046.T,MAINTAINED,2025-12-07
9049.T,MAINTAINED,2025-12-07
9051.T,MAINTAINED,2025-12-07
9052.T,MAINTAINED,2025-12-07
9057.T,MAINTAINED,2025-12-07
9059.T,MAINTAINED,2025-12-07
9060.T,MAINTAINED,2025-12-07
9063.T,MAINTAINED,2025-12-07
9064.T,MAINTAINED,2025-12-07
9065.T,MAINTAINED,2025-12-07
9066.T,MAINTAINED,2025-12-07
9067.T,MAINTAINED,2025-12-07
9068.T,MAINTAINED,2025-12-07
9069.T,MAINTAINED,2025-12-07
9072.T,MAINTAINED,2025-12-07
9073.T,MAINTAINED,2025-12-07
9074.T,MAINTAINED,2025-12-07
9075.T,MAINTAINED,2025-12-07
9076.T,MAINTAINED,2025-12-07
9081.T,MAINTAINED,2025-12-07
9082.T,MAINTAINED,2025-12-07
9083.T,MAINTAINED,2025-12-07
9087.T,MAINTAINED,2025-12-07
9110.T,MAINTAINED,2025-12-07
9119.T,MAINTAINED,2025-12-07
9127.T,MAINTAINED,2025-12-07
9130.T,MAINTAINED,2025-12-07
9142.T,MAINTAINED,2025-12-07
9145.T,MAINTAINED,2025-12-07
9146.T,MAINTAINED,2025-12-07
9147.T,MAINTAINED,2025-12-07
9149.T,MAINTAINED,2025-12-07
9156.T,MAINTAINED,2025-12-07
9160.T,MAINTAINED,2025-12-07
9165.T,MAINTAINED,2025-12-07
9167.T,MAINTAINED,2025-12-07
9169.T,MAINTAINED,2025-12-07
9171.T,MAINTAINED,2025-12-07
9173.T,MAINTAINED,2025-12-07
9193.T,MAINTAINED,2025-12-07
9201.T,MAINTAINED,2025-12-07
9202.T,MAINTAINED,2025-12-07
9214.T,MAINTAINED,2025-12-07
9215.T,MAINTAINED,2025-12-07
9216.T,MAINTAINED,2025-12-07
9218.T,MAINTAINED,2025-12-07
9219.T,MAINTAINED,2025-12-07
9220.T,MAINTAINED,2025-12-07
9221.T,MAINTAINED,2025-12-07
9226.T,MAINTAINED,2025-12-07
9227.T,MAINTAINED,2025-12-07
9233.T,MAINTAINED,2025-12-07
9237.T,MAINTAINED,2025-12-07
9239.T,MAINTAINED,2025-12-07
9240.T,MAINTAINED,2025-12-07
9241.T,MAINTAINED,2025-12-07
9242.T,MAINTAINED,2025-12-07
9244.T,MAINTAINED,2025-12-07
9245.T,MAINTAINED,2025-12-07
9247.T,MAINTAINED,2025-12-07
9249.T,MAINTAINED,2025-12-07
9251.T,MAINTAINED,2025-12-07
9253.T,MAINTAINED,2025-12-07
9256.T,MAINTAINED,2025-12-07
9257.T,MAINTAINED,2025-12-07
9259.T,MAINTAINED,2025-12-07
9262.T,MAINTAINED,2025-12-07
9264.T,MAINTAINED,2025-12-07
9265.T,MAINTAINED,2025-12-07
9267.T,MAINTAINED,2025-12-07
9268.T,MAINTAINED,2025-12-07
9270.T,MAINTAINED,2025-12-07
9271.T,MAINTAINED,2025-12-07
9273.T,MAINTAINED,2025-12-07
9274.T,MAINTAINED,2025-12-07
9282.T,MAINTAINED,2025-12-07
9284.T,MAINTAINED,2025-12-07
9285.T,MAINTAINED,2025-12-07
9286.T,MAINTAINED,2025-12-07
9287.T,MAINTAINED,2025-12-07
9301.T,MAINTAINED,2025-12-07
9302.T,MAINTAINED,2025-12-07
9303.T,MAINTAINED,2025-12-07
9304.T,MAINTAINED,2025-12-07
9305.T,MAINTAINED,2025-12-07
9306.T,MAINTAINED,2025-12-07
9307.T,MAINTAINED,2025-12-07
9310.T,MAINTAINED,2025-12-07
9311.T,MAINTAINED,2025-12-07
9312.T,MAINTAINED,2025-12-07
9313.T,MAINTAINED,2025-12-07
9322.T,MAINTAINED,2025-12-07
9324.T,MAINTAINED,2025-12-07
9326.T,MAINTAINED,2025-12-07
9334.T,MAINTAINED,2025-12-07
9335.T,MAINTAINED,2025-12-07
9336.T,MAINTAINED,2025-12-07
9337.T,MAINTAINED,2025-12-07
9339.T,MAINTAINED,2025-12-07
9340.T,MAINTAINED,2025-12-07
9343.T,MAINTAINED,2025-12-07
9344.T,MAINTAINED,2025-12-07
9346.T,MAINTAINED,2025-12-07
9347.T,MAINTAINED,2025-12-07
9351.T,MAINTAINED,2025-12-07
9353.T,MAINTAINED,2025-12-07
9355.T,MAINTAINED,2025-12-07
9360.T,MAINTAINED,2025-12-07
9361.T,MAINTAINED,2025-12-07
9362.T,MAINTAINED,2025-12-07
9363.T,MAINTAINED,2025-12-07
9364.T,MAINTAINED,2025-12-07
9365.T,MAINTAINED,2025-12-07
9366.T,MAINTAINED,2025-12-07
9367.T,MAINTAINED,2025-12-07
9368.T,MAINTAINED,2025-12-07
9376.T,MAINTAINED,2025-12-07
9380.T,MAINTAINED,2025-12-07
9381.T,MAINTAINED,2025-12-07
9385.T,MAINTAINED,2025-12-07
9386.T,MAINTAINED,2025-12-07
9401.T,MAINTAINED,2025-12-07
9404.T,MAINTAINED,2025-12-07
9405.T,MAINTAINED,2025-12-07
9408.T,MAINTAINED,2025-12-07
9409.T,MAINTAINED,2025-12-07
9412.T,MAINTAINED,2025-12-07
9413.T,MAINTAINED,2025-12-07
9414.T,MAINTAINED,2025-12-07
9416.T,MAINTAINED,2025-12-07
9417.T,MAINTAINED,2025-12-07
9418.T,MAINTAINED,2025-12-07
9419.T,MAINTAINED,2025-12-07
9421.T,MAINTAINED,2025-12-07
9428.T,MAINTAINED,2025-12-07
9432.T,MAINTAINED,2025-12-07
9433.T,MAINTAINED,2025-12-07
9435.T,MAINTAINED,2025-12-07
9436.T,MAINTAINED,2025-12-07
9439.T,MAINTAINED,2025-12-07
9441.T,MAINTAINED,2025-12-07
9445.T,MAINTAINED,2025-12-07
9446.T,MAINTAINED,2025-12-07
9449.T,MAINTAINED,2025-12-07
9467.T,MAINTAINED,2025-12-07
9470.T,MAINTAINED,2025-12-07
9475.T,MAINTAINED,2025-12-07
9476.T,MAINTAINED,2025-12-07
9478.T,MAINTAINED,2025-12-07
9501.T,MAINTAINED,2025-12-07
9502.T,MAINTAINED,2025-12-07
9503.T,MAINTAINED,2025-12-07
9504.T,MAINTAINED,2025-12-07
9505.T,MAINTAINED,2025-12-07
9506.T,MAINTAINED,2025-12-07
9507.T,MAINTAINED,2025-12-07
9508.T,MAINTAINED,2025-12-07
9509.T,MAINTAINED,2025-12-07
9511.T,MAINTAINED,2025-12-07
9513.T,MAINTAINED,2025-12-07
9531.T,MAINTAINED,2025-12-07
9532.T,MAINTAINED,2025-12-07
9533.T,MAINTAINED,2025-12-07
9534.T,MAINTAINED,2025-12-07
9535.T,MAINTAINED,2025-12-07
9536.T,MAINTAINED,2025-12-07
9537.T,MAINTAINED,2025-12-07
9539.T,MAINTAINED,2025-12-07
9543.T,MAINTAINED,2025-12-07
9551.T,MAINTAINED,2025-12-07
9553.T,MAINTAINED,2025-12-07
9554.T,MAINTAINED,2025-12-07
9556.T,MAINTAINED,2025-12-07
9558.T,MAINTAINED,2025-12-07
9562.T,MAINTAINED,2025-12-07
9564.T,MAINTAINED,2025-12-07
9600.T,MAINTAINED,2025-12-07
9602.T,MAINTAINED,2025-12-07
9605.T,MAINTAINED,2025-12-07
9610.T,MAINTAINED,2025-12-07
9612.T,MAINTAINED,2025-12-07
9619.T,MAINTAINED,2025-12-07
9621.T,MAINTAINED,2025-12-07
9622.T,MAINTAINED,2025-12-07
9627.T,MAINTAINED,2025-12-07
9633.T,MAINTAINED,2025-12-07
9635.T,MAINTAINED,2025-12-07
9636.T,MAINTAINED,2025-12-07
9640.T,MAINTAINED,2025-12-07
9644.T,MAINTAINED,2025-12-07
9647.T,MAINTAINED,2025-12-07
9651.T,MAINTAINED,2025-12-07
9656.T,MAINTAINED,2025-12-07
9658.T,MAINTAINED,2025-12-07
9661.T,MAINTAINED,2025-12-07
9672.T,MAINTAINED,2025-12-07
9678.T,MAINTAINED,2025-12-07
9679.T,MAINTAINED,2025-12-07
9682.T,MAINTAINED,2025-12-07
9684.T,MAINTAINED,2025-12-07
9685.T,MAINTAINED,2025-12-07
9686.T,MAINTAINED,2025-12-07
9687.T,MAINTAINED,2025-12-07
9691.T,MAINTAINED,2025-12-07
9692.T,MAINTAINED,2025-12-07
9698.T,MAINTAINED,2025-12-07
9699.T,MAINTAINED,2025-12-07
9701.T,MAINTAINED,2025-12-07
9702.T,MAINTAINED,2025-12-07
9708.T,MAINTAINED,2025-12-07
9709.T,MAINTAINED,2025-12-07
9715.T,MAINTAINED,2025-12-07
9716.T,MAINTAINED,2025-12-07
9719.T,MAINTAINED,2025-12-07
9720.T,MAINTAINED,2025-12-07
9722.T,MAINTAINED,2025-12-07
9726.T,MAINTAINED,2025-12-07
9729.T,MAINTAINED,2025-12-07
9731.T,MAINTAINED,2025-12-07
9733.T,MAINTAINED,2025-12-07
9735.T,MAINTAINED,2025-12-07
9740.T,MAINTAINED,2025-12-07
9742.T,MAINTAINED,2025-12-07
9743.T,MAINTAINED,2025-12-07
9744.T,MAINTAINED,2025-12-07
9753.T,MAINTAINED,2025-12-07
9759.T,MAINTAINED,2025-12-07
9761.T,MAINTAINED,2025-12-07
9763.T,MAINTAINED,2025-12-07
9765.T,MAINTAINED,2025-12-07
9766.T,MAINTAINED,2025-12-07
9768.T,MAINTAINED,2025-12-07
9769.T,MAINTAINED,2025-12-07
9776.T,MAINTAINED,2025-12-07
9780.T,MAINTAINED,2025-12-07
9782.T,MAINTAINED,2025-12-07
9791.T,MAINTAINED,2025-12-07
9795.T,MAINTAINED,2025-12-07
9799.T,MAINTAINED,2025-12-07
9816.T,MAINTAINED,2025-12-07
9820.T,MAINTAINED,2025-12-07
9823.T,MAINTAINED,2025-12-07
9824.T,MAINTAINED,2025-12-07
9827.T,MAINTAINED,2025-12-07
9830.T,MAINTAINED,2025-12-07
9831.T,MAINTAINED,2025-12-07
9832.T,MAINTAINED,2025-12-07
9837.T,MAINTAINED,2025-12-07
9842.T,MAINTAINED,2025-12-07
9845.T,MAINTAINED,2025-12-07
9853.T,MAINTAINED,2025-12-07
9854.T,MAINTAINED,2025-12-07
9856.T,MAINTAINED,2025-12-07
9857.T,MAINTAINED,2025-12-07
9867.T,MAINTAINED,2025-12-07
9869.T,MAINTAINED,2025-12-07
9872.T,MAINTAINED,2025-12-07
9876.T,MAINTAINED,2025-12-07
9880.T,MAINTAINED,2025-12-07
9882.T,MAINTAINED,2025-12-07
9887.T,MAINTAINED,2025-12-07
9889.T,MAINTAINED,2025-12-07
9890.T,MAINTAINED,2025-12-07
9896.T,MAINTAINED,2025-12-07
9900.T,MAINTAINED,2025-12-07
9904.T,MAINTAINED,2025-12-07
9906.T,MAINTAINED,2025-12-07
9908.T,MAINTAINED,2025-12-07
9913.T,MAINTAINED,2025-12-07
9914.T,MAINTAINED,2025-12-07
9929.T,MAINTAINED,2025-12-07
9934.T,MAINTAINED,2025-12-07
9946.T,MAINTAINED,2025-12-07
9948.T,MAINTAINED,2025-12-07
9955.T,MAINTAINED,2025-12-07
9956.T,MAINTAINED,2025-12-07
9959.T,MAINTAINED,2025-12-07
9960.T,MAINTAINED,2025-12-07
9969.T,MAINTAINED,2025-12-07
9972.T,MAINTAINED,2025-12-07
9973.T,MAINTAINED,2025-12-07
9974.T,MAINTAINED,2025-12-07
9979.T,MAINTAINED,2025-12-07
9980.T,MAINTAINED,2025-12-07
9982.T,MAINTAINED,2025-12-07
9983.T,MAINTAINED,2025-12-07
9984.T,MAINTAINED,2025-12-07
9986.T,MAINTAINED,2025-12-07
9987.T,MAINTAINED,2025-12-07
9991.T,MAINTAINED,2025-12-07
9996.T,MAINTAINED,2025-12-07
9997.T,MAINTAINED,2025-12-07
